3.45;328.276;25241.14;75890;75890;75890;ЧЕЛЯБИНСК;Круг ст18ХГТ;95мм;;ГОСТ 2590-2006 4543-2016 2ГП;Круг;5.9;
11.66;336.066;31620.41;93090;92990;92890;ЧЕЛЯБИНСК;Круг Ст38хс;95мм;;ГОСТ 2590-2006, 4543-2016, 2ГП;Круг;6.04;
6.72;2749.154;423369.65;154000;154000;154000;ЧЕЛЯБИНСК;Круг ст18ХГТ;310мм;;ТУ14-1-2118-98 4543-2016 3ГП;Круг;4.64;
8.33;2755.078;410203.64;148890;148890;148900;ЧЕЛЯБИНСК;Круг ст30ХГСА;310мм;;ТУ 14-1-2118-98,4543-2016 3ГП;Круг;4.65;
13.33;334.953;25419.57;74890;74890;74890;ЧЕЛЯБИНСК;Круг ст30ХГСА;95мм;;ГОСТ 2590-2006,4543-2016 2ГП;Круг;6.02;
3.73;26.789;3139.72;117200;116890;116890;НОВОСИБИРСК;Круг Ст9ХС;30мм;;ГОСТ 2590-2006, 5950-2000 2ГП;Круг;4.84;
5.87;29.998;3515.79;113200;112890;112890;ЧЕЛЯБИНСК;Круг Ст9ХС;30мм;;ГОСТ 2590-2006, 5950-2000 2ГП;Круг;5.1;
2.85;28.839;2687.81;93200;92890;92890;НОВОСИБИРСК;Круг СтУ8А;30мм;;ГОСТ 2590-2006, 1435-99 2ГП;Круг;5.2;
5.88;27.785;2617.39;90200;89890;89890;ЧЕЛЯБИНСК;Круг СтУ8А;30мм;;ГОСТ 2590-2006, 1435-99 2ГП;Круг;5.01;
0.10;33.294;12813.20;381850;381850;381850;ЕКАТЕРИНБУРГ;Круг СтХВГ;30;;ГОСТ 2590-06,5950-2000,2ГП,Т/О;Круг;6;
4.27;28.560;11395.44;395000;395000;395000;ЧЕЛЯБИНСК;Круг СтХВГ;30;;ГОСТ 2590-06,5950-2000,2ГП,Т/О;Круг;5.1;
2.31;22.080;4073.76;180500;179890;179890;ЧЕЛЯБИНСК;Круг СтШХ15-В;30 мм;;ГОСТ 2590-2006 801-2022, ОГ,В1;Круг;4;
0.55;550.000;77275.06;139800;139800;139800;ЧЕЛЯБИНСК;Круг ст30ХГСА;300мм;;ГОСТ 2590-2006,4543-2016 3ГП;Круг;0.99;
8.06;2729.518;381586.56;139800;139800;139800;ЧЕЛЯБИНСК;Круг ст30ХГСА;300мм;;ТУ 14-1-2118-98,4543-2016 3ГП;Круг;4.92;
3.67;1156.138;180461.53;156090;155990;155890;ЧЕЛЯБИНСК;Круг Ст9ХС;290мм;;ГОСТ 2590-2006, 5950-2000 2ГП;Круг;2.25;
5.69;2678.610;374469.75;139800;139800;139800;ЧЕЛЯБИНСК;Круг ст18ХГТ;300мм;;ТУ14-1-2118-98 4543-2016 3ГП;Круг;4.75;
3.50;1431.900;214498.62;149800;149800;149800;ЧЕЛЯБИНСК;Круг Ст38хс;300мм;;ГОСТ 2590-2006, 4543-2016, 3ГП;Круг;2.58;
3.06;26.587;3222.34;121200;120890;120890;НОВОСИБИРСК;Круг Ст9ХС;28мм;;ГОСТ 2590-2006, 5950-2000 2ГП;Круг;5.5;
2.76;22.575;2736.07;117200;116890;116890;ЧЕЛЯБИНСК;Круг Ст9ХС;28мм;;ГОСТ 2590-2006, 5950-2000 2ГП;Круг;4.67;
2.89;23.768;2238.99;90200;89890;89890;ЧЕЛЯБИНСК;Круг СтУ8А;28мм;;ГОСТ 2590-2006, 1435-99 2ГП;Круг;4.92;
1.29;1306.393;182633.77;139800;139800;139800;ЧЕЛЯБИНСК;Круг ст18ХГТ;290мм;;ТУ14-1-2118,2590,4543-16 3ГП;Круг;2.52;
8.13;2844.120;397607.98;139800;139800;139800;ЧЕЛЯБИНСК;Круг ст30ХГСА;290мм;;ТУ 14-1-2118-98,4543-2016 3ГП;Круг;5.48;
3.42;1588.140;222164.90;139890;139890;139890;ЧЕЛЯБИНСК;Круг Ст38хс;290мм;;ГОСТ 2590-2006, 4543-2016, 3ГП;Круг;3.06;
5.96;32.190;2507.28;74890;74890;74890;ЧЕЛЯБИНСК;Круг ст30ХГСА;30мм;;ГОСТ 2590-2006,4543-2016 2ГП;Круг;5.8;
4.29;33.300;3199.80;93090;92990;92890;ЧЕЛЯБИНСК;Круг Ст38хс;30мм;;ГОСТ 2590-2006, 4543-2016, 2ГП;Круг;6;
7.48;28.022;3160.93;108800;108800;108800;ЧЕЛЯБИНСК;Круг Ст30ХМА;30мм;;ГОСТ 2590-2006,4543-2016, 2ГП;Круг;5.05;
4.18;276.888;106961.83;385000;385000;385000;ЧЕЛЯБИНСК;Круг СтХВГ;95;обточка;ГОСТ 2590-06,5950-2000,2ГП,Т/О;Круг;4.98;
5.12;43.136;4144.99;93090;92990;92890;ЧЕЛЯБИНСК;Круг Ст38хс;34мм;;ГОСТ 2590-2006, 4543-2016, 2ГП;Круг;6.05;
3.89;42.780;3332.13;74890;74890;74890;ЧЕЛЯБИНСК;Круг ст30ХГСА;34мм;;ГОСТ 2590-2006,4543-2016 2ГП;Круг;6;
6.64;302.000;28415.18;93090;92990;92890;ЧЕЛЯБИНСК;Круг Ст38хс;90мм;;ГОСТ 2590-2006, 4543-2016, 2ГП;Круг;6.04;
7.92;47.940;3638.17;72890;72890;72890;ЧЕЛЯБИНСК;Круг ст18ХГТ;36мм;;ГОСТ 2590-2006 4543-2016 2ГП;Круг;6;
3.85;35.899;3345.81;93200;92890;92890;НОВОСИБИРСК;Круг СтУ8А;35мм;;ГОСТ 2590-2006, 1435-99 2ГП;Круг;4.8;
2.64;37.514;3496.27;90200;89890;89890;ЧЕЛЯБИНСК;Круг СтУ8А;35мм;;ГОСТ 2590-2006, 1435-99 2ГП;Круг;4.97;
5.83;38.760;15038.88;385000;385000;385000;ЧЕЛЯБИНСК;Круг СтХВГ;35;;ГОСТ 2590-06,5950-2000,2ГП,Т/О;Круг;5.1;
3.34;301.138;22853.38;74890;74890;74890;ЧЕЛЯБИНСК;Круг ст30ХГСА;90мм;;ГОСТ 2590-2006,4543-2016 2ГП;Круг;6.03;
2.42;2356.349;184973.38;78500;78500;78500;НОВОСИБИРСК;Круг Ст40Х;350мм;3ГП;ТУ14-1-2118-98 А_;Круг;3.12;
10.14;2538.828;378006.04;148890;148890;148900;ЧЕЛЯБИНСК;Круг ст30ХГСА;350мм;;ТУ 14-1-2118-98,4543-2016 3ГП;Круг;3.4;
3.50;242.015;26645.85;108800;108800;108800;ЧЕЛЯБИНСК;Круг Ст30ХМА;90мм;;ГОСТ 2590-2006,4543-2016, 2ГП;Круг;4.85;
3.45;39.627;4644.28;117200;116890;116890;НОВОСИБИРСК;Круг Ст9ХС;35мм;;ГОСТ 2590-2006, 5950-2000 2ГП;Круг;5.25;
4.11;39.627;4604.66;113200;112890;112890;ЧЕЛЯБИНСК;Круг Ст9ХС;35мм;;ГОСТ 2590-2006, 5950-2000 2ГП;Круг;5.25;
5.92;37.860;2948.92;74890;74890;74890;ЧЕЛЯБИНСК;Круг ст30ХГСА;32мм;;ГОСТ 2590-2006,4543-2016 2ГП;Круг;6;
4.21;36.913;3547.02;93090;92990;92890;ЧЕЛЯБИНСК;Круг Ст38хс;32мм;;ГОСТ 2590-2006, 4543-2016, 2ГП;Круг;5.85;
3.25;193.768;35226.95;180500;179890;179890;ЧЕЛЯБИНСК;Круг СтШХ15-В;90 мм;;ГОСТ 2590-2006 801-2022, ОГ,В1;Круг;3.9;
4.16;214.613;25152.64;117200;116890;116890;НОВОСИБИРСК;Круг Ст9ХС;90мм;;ГОСТ 2590-2006, 5950-2000 2ГП;Круг;4.3;
4.58;244.510;94454.21;385000;385000;385000;ЧЕЛЯБИНСК;Круг СтХВГ;90;обточка;ГОСТ 2590-06,5950-2000,2ГП,Т/О;Круг;4.9;
5.46;214.613;24573.19;113200;112890;112890;ЧЕЛЯБИНСК;Круг Ст9ХС;90мм;;ГОСТ 2590-2006, 5950-2000 2ГП;Круг;4.3;
7.96;2751.100;409611.28;148890;148890;148900;ЧЕЛЯБИНСК;Круг ст30ХГСА;330мм;;ТУ 14-1-2118-98,4543-2016 3ГП;Круг;4.1;
10.80;2812.400;418738.24;148890;148890;148900;ЧЕЛЯБИНСК;Круг ст30ХГСА;340мм;;ТУ 14-1-2118-98,4543-2016 3ГП;Круг;3.95;
3.82;30.919;3623.71;117200;116890;116890;НОВОСИБИРСК;Круг Ст9ХС;32мм;;ГОСТ 2590-2006, 5950-2000 2ГП;Круг;4.9;
4.68;30.919;3592.79;113200;112890;112890;ЧЕЛЯБИНСК;Круг Ст9ХС;32мм;;ГОСТ 2590-2006, 5950-2000 2ГП;Круг;4.9;
4.67;30.540;2846.37;93200;92890;92890;НОВОСИБИРСК;Круг СтУ8А;32мм;;ГОСТ 2590-2006, 1435-99 2ГП;Круг;4.84;
6.68;30.564;2848.57;90200;89890;89890;ЧЕЛЯБИНСК;Круг СтУ8А;32мм;;ГОСТ 2590-2006, 1435-99 2ГП;Круг;4.87;
1.88;1414.002;168110.67;118890;118890;118890;ЧЕЛЯБИНСК;Круг ст30ХГСА;250мм;;ГОСТ 2590-2006,4543-2016 2ГП;Круг;3.72;
1.76;1703.203;202493.78;118890;118890;118890;ЧЕЛЯБИНСК;Круг ст30ХГСА;250мм;;ГОСТ 2590-2006,4543-2016 3ГП;Круг;4.42;
9.39;1128.050;146522.41;129890;129890;129890;ЧЕЛЯБИНСК;Круг Ст38хс;250мм;;ГОСТ 2590-2006, 4543-2016, 3ГП;Круг;2.93;
11.69;935.620;121995.49;129890;129890;129890;ЧЕЛЯБИНСК;Круг Ст38хс;230мм;;ГОСТ 2590-2006, 4543-2016, 3ГП;Круг;2.87;
8.15;1309.315;168639.75;128800;128800;128800;ЧЕЛЯБИНСК;Круг Ст30ХМА;230мм;;ГОСТ 2590-2006,4543-2016, 3ГП;Круг;4.03;
13.93;1715.549;203961.62;118890;118890;118890;ЧЕЛЯБИНСК;Круг ст30ХГСА;230мм;;ГОСТ 2590-2006,4543-2016 3ГП;Круг;5.26;
5.16;1399.183;166348.93;118890;118890;118890;ЧЕЛЯБИНСК;Круг ст30ХГСА;230мм;;ГОСТ 2590-2006,4543-2016 2ГП;Круг;4.29;
9.49;23.254;2257.73;93090;92990;92890;ЧЕЛЯБИНСК;Круг Ст38хс;25мм;;ГОСТ 2590-2006, 4543-2016, 2ГП;Круг;6.04;
7.76;23.100;1822.36;74890;74890;74890;ЧЕЛЯБИНСК;Круг ст30ХГСА;25мм;;ГОСТ 2590-2006,4543-2016 2ГП;Круг;6;
3.79;19.250;2171.40;108800;108800;108800;ЧЕЛЯБИНСК;Круг Ст30ХМА;25мм;;ГОСТ 2590-2006,4543-2016, 2ГП;Круг;5;
4.83;2149.081;330937.01;153990;153890;153890;ЧЕЛЯБИНСК;Круг Ст9ХС;250мм;;ГОСТ 2590-2006, 5950-2000 2ГП;Круг;5.58;
2.55;1116.500;474512.50;425000;425000;425000;ЧЕЛЯБИНСК;Круг СтХВГ;250;;ГОСТ 2590-06,5950-2000,2ГП,Т/О;Круг;2.9;
0.11;21.300;1680.36;74890;74890;74890;ЧЕЛЯБИНСК;Круг ст30ХГСА;24мм;;ГОСТ 2590-2006,4543-2016 2ГП;Круг;6;
3.64;15.545;2868.09;180500;179890;179890;ЧЕЛЯБИНСК;Круг СтШХ15-В;24 мм;;ГОСТ 2590-2006 801-2022, ОГ,В1;Круг;4.4;
6.19;1703.203;199087.38;116890;116890;116890;ЧЕЛЯБИНСК;Круг ст18ХГТ;250мм;;ГОСТ 2590-2006 4543-2016 3ГП;Круг;4.42;
6.87;1710.910;199988.22;116890;116890;116890;ЧЕЛЯБИНСК;Круг ст18ХГТ;250мм;;ГОСТ 2590-2006 4543-2016 2ГП;Круг;4.44;
6.64;1700.450;198765.60;116890;116890;116890;ЧЕЛЯБИНСК;Круг ст18ХГТ;240мм;;ГОСТ 2590-2006 4543-2016 3ГП;Круг;4.79;
10.79;1810.500;211629.34;116890;116890;116890;ЧЕЛЯБИНСК;Круг ст18ХГТ;240мм;;ГОСТ 2590-2006 4543-2016 2ГП;Круг;5.1;
9.70;1652.000;196406.30;118890;118890;118890;ЧЕЛЯБИНСК;Круг ст30ХГСА;240мм;;ГОСТ 2590-2006,4543-2016 3ГП;Круг;4.57;
0.69;690.001;82517.18;118890;118890;118890;ЧЕЛЯБИНСК;Круг ст30ХГСА;240мм;;ГОСТ 2590-2006,4543-2016 2ГП;Круг;1.99;
2.95;929.043;140740.72;150990;150890;150890;ЧЕЛЯБИНСК;Круг Ст9ХС;230мм;;ГОСТ 2590-2006, 5950-2000 2ГП;Круг;2.85;
3.49;922.580;392557.79;425000;425000;425000;ЧЕЛЯБИНСК;Круг СтХВГ;230;;ГОСТ 2590-06,5950-2000,2ГП,Т/О;Круг;2.83;
2.49;961.700;111932.26;115890;115890;115890;ЧЕЛЯБИНСК;Круг СтУ8А;230мм;;ГОСТ 2590-2006, 1435-99 2ГП;Круг;2.95;
4.05;1065.900;126724.85;118890;118890;118890;НОВОСИБИРСК;Круг СтУ8А;230мм;;ГОСТ 2590-2006, 1435-99 2ГП;Круг;3.3;
3.94;915.900;141955.34;154990;154890;154890;НОВОСИБИРСК;Круг Ст9ХС;240мм;;ГОСТ 2590-2006, 5950-2000 2ГП;Круг;2.58;
3.17;1082.750;460168.75;425000;425000;425000;ЧЕЛЯБИНСК;Круг СтХВГ;240;;ГОСТ 2590-06,5950-2000,2ГП,Т/О;Круг;3.05;
2.25;912.350;138211.90;150990;150890;150890;ЧЕЛЯБИНСК;Круг Ст9ХС;240мм;;ГОСТ 2590-2006, 5950-2000 2ГП;Круг;2.57;
6.72;1118.250;145249.49;129890;129890;129890;ЧЕЛЯБИНСК;Круг Ст38хс;240мм;;ГОСТ 2590-2006, 4543-2016, 3ГП;Круг;3.15;
8.09;1498.431;209480.72;139800;139800;139800;ЧЕЛЯБИНСК;Круг ст18ХГТ;280мм;;ТУ14-1-2118,2590,4543-16 2ГП;Круг;3.1;
5.44;1537.101;214886.68;139800;139800;139800;ЧЕЛЯБИНСК;Круг ст18ХГТ;280мм;;ТУ14-1-2118,2590,4543-16 3ГП;Круг;3.18;
3.76;1465.518;205011.31;139890;139890;139890;ЧЕЛЯБИНСК;Круг Ст38хс;280мм;;ГОСТ 2590-2006, 4543-2016, 3ГП;Круг;3;
12.04;1670.939;218709.26;130890;130890;130890;ЧЕЛЯБИНСК;Круг ст30ХГСА;270мм;;ГОСТ 2590-2006,4543-2016 3ГП;Круг;3.77;
3.29;1175.517;164443.14;139890;139890;139890;ЧЕЛЯБИНСК;Круг Ст38хс;270мм;;ГОСТ 2590-2006, 4543-2016, 3ГП;Круг;2.5;
5.86;1170.000;182625.30;156090;155990;155890;ЧЕЛЯБИНСК;Круг Ст9ХС;270мм;;ГОСТ 2590-2006, 5950-2000 2ГП;Круг;2.6;
5.28;29.221;2305.28;74890;74890;74890;ЧЕЛЯБИНСК;Круг ст30ХГСА;28мм;;ГОСТ 2590-2006,4543-2016 2ГП;Круг;6.05;
9.45;30.000;2882.70;93090;92990;92890;ЧЕЛЯБИНСК;Круг Ст38хс;28мм;;ГОСТ 2590-2006, 4543-2016, 2ГП;Круг;6;
5.35;1159.200;180939.53;156090;155990;155890;ЧЕЛЯБИНСК;Круг Ст9ХС;280мм;;ГОСТ 2590-2006, 5950-2000 2ГП;Круг;2.4;
6.72;1475.507;191653.66;129890;129890;129890;ЧЕЛЯБИНСК;Круг ст18ХГТ;260мм;;ТУ14-1-2118,2590,4543-16 2ГП;Круг;3.54;
2.41;1222.776;158826.37;129890;129890;129890;ЧЕЛЯБИНСК;Круг ст18ХГТ;260мм;;ТУ14-1-2118,2590,4543-16 3ГП;Круг;2.96;
5.56;1209.300;169168.98;139890;139890;139890;ЧЕЛЯБИНСК;Круг Ст38хс;260мм;;ГОСТ 2590-2006, 4543-2016, 3ГП;Круг;2.9;
3.39;1770.422;231730.60;130890;130890;130890;ЧЕЛЯБИНСК;Круг ст30ХГСА;260мм;;ГОСТ 2590-2006,4543-2016 3ГП;Круг;4.25;
7.93;1874.565;245361.81;130890;130890;130890;ЧЕЛЯБИНСК;Круг ст30ХГСА;260мм;;ТУ 14-1-2118-98,4543-2016 3ГП;Круг;4.5;
2.87;19.255;2333.71;121200;120890;120890;НОВОСИБИРСК;Круг Ст9ХС;25мм;;ГОСТ 2590-2006, 5950-2000 2ГП;Круг;5;
5.20;19.525;2366.38;117200;116890;116890;ЧЕЛЯБИНСК;Круг Ст9ХС;25мм;;ГОСТ 2590-2006, 5950-2000 2ГП;Круг;5.07;
3.92;19.602;1826.87;93200;92890;92890;НОВОСИБИРСК;Круг СтУ8А;25мм;;ГОСТ 2590-2006, 1435-99 2ГП;Круг;5.09;
0.32;19.062;1795.68;90200;89890;89890;ЧЕЛЯБИНСК;Круг СтУ8А;25мм;;ГОСТ 2590-2006, 1435-99 2ГП;Круг;4.95;
2.39;19.227;7671.57;395000;395000;395000;ЧЕЛЯБИНСК;Круг СтХВГ;25;;ГОСТ 2590-06,5950-2000,2ГП,Т/О;Круг;4.93;
3.23;15.336;2829.49;180500;179890;179890;ЧЕЛЯБИНСК;Круг СтШХ15-В;25 мм;;ГОСТ 2590-2006 801-2022, ОГ,В1;Круг;4;
5.60;24.186;2348.22;93090;92990;92890;ЧЕЛЯБИНСК;Круг Ст38хс;26мм;;ГОСТ 2590-2006, 4543-2016, 2ГП;Круг;5.8;
0.99;994.001;129607.74;129890;129890;129890;ЧЕЛЯБИНСК;Круг ст18ХГТ;270мм;;ТУ14-1-2118,2590,4543-16 2ГП;Круг;2.22;
10.05;2668.426;346601.88;129890;129890;129890;ЧЕЛЯБИНСК;Круг ст18ХГТ;270мм;;ТУ14-1-2118,2590,4543-16 3ГП;Круг;5.94;
3.47;1105.050;170277.15;154090;153990;153890;ЧЕЛЯБИНСК;Круг Ст9ХС;260мм;;ГОСТ 2590-2006, 5950-2000 2ГП;Круг;2.65;
3.70;91.936;10774.92;117200;116890;116890;НОВОСИБИРСК;Круг Ст9ХС;56мм;;ГОСТ 2590-2006, 5950-2000 2ГП;Круг;4.75;
5.44;92.904;10683.96;113200;112890;112890;ЧЕЛЯБИНСК;Круг Ст9ХС;56мм;;ГОСТ 2590-2006, 5950-2000 2ГП;Круг;4.8;
2.37;76.944;14026.89;180500;179890;179890;ЧЕЛЯБИНСК;Круг СтШХ15-В;56 мм;;ГОСТ 2590-2006 801-2022, ОГ,В1;Круг;4;
1.14;116.946;8968.63;74890;74890;74890;ЧЕЛЯБИНСК;Круг ст30ХГСА;56мм;;ГОСТ 2590-2006,4543-2016 2ГП;Круг;6.05;
4.28;98.583;10903.28;108800;108800;108800;ЧЕЛЯБИНСК;Круг Ст30ХМА;56мм;;ГОСТ 2590-2006,4543-2016, 2ГП;Круг;5.1;
2.41;155.061;28190.13;180500;179890;179890;ЧЕЛЯБИНСК;Круг СтШХ15-В;80 мм;;ГОСТ 2590-2006 801-2022, ОГ,В1;Круг;3.95;
6.00;219.620;84839.21;385000;385000;385000;ЧЕЛЯБИНСК;Круг СтХВГ;80;обточка;ГОСТ 2590-06,5950-2000,2ГП,Т/О;Круг;5.56;
4.92;216.920;24837.34;113200;112890;112890;ЧЕЛЯБИНСК;Круг Ст9ХС;80мм;;ГОСТ 2590-2006, 5950-2000 2ГП;Круг;5.5;
4.55;177.480;20800.66;117200;116890;116890;НОВОСИБИРСК;Круг Ст9ХС;80мм;;ГОСТ 2590-2006, 5950-2000 2ГП;Круг;4.5;
10.04;114.240;10840.26;93090;92990;92890;ЧЕЛЯБИНСК;Круг Ст38хс;56мм;;ГОСТ 2590-2006, 4543-2016, 2ГП;Круг;5.91;
1.94;134.028;12717.88;93090;92990;92890;ЧЕЛЯБИНСК;Круг Ст38хс;60мм;;ГОСТ 2590-2006, 4543-2016, 2ГП;Круг;6.04;
2.07;131.365;10074.37;74890;74890;74890;ЧЕЛЯБИНСК;Круг ст30ХГСА;60мм;;ГОСТ 2590-2006,4543-2016 2ГП;Круг;5.92;
4.91;117.660;13013.20;108800;108800;108800;ЧЕЛЯБИНСК;Круг Ст30ХМА;60мм;;ГОСТ 2590-2006,4543-2016, 2ГП;Круг;5.3;
8.54;96.686;7415.82;74900;74900;74900;ЧЕЛЯБИНСК;Круг ст18ХГТ;52мм;;ГОСТ 2590-2006 4543-2016 2ГП;Круг;5.8;
3.32;81.620;9565.86;117200;116890;116890;НОВОСИБИРСК;Круг Ст9ХС;50мм;;ГОСТ 2590-2006, 5950-2000 2ГП;Круг;5.3;
7.72;90.090;10360.35;113200;112890;112890;ЧЕЛЯБИНСК;Круг Ст9ХС;50мм;;ГОСТ 2590-2006, 5950-2000 2ГП;Круг;5.85;
1.59;85.250;32974.70;385000;385000;385000;ЧЕЛЯБИНСК;Круг СтХВГ;50;;ГОСТ 2590-06,5950-2000,2ГП,Т/О;Круг;5.5;
2.18;60.569;11041.78;180500;179890;179890;ЧЕЛЯБИНСК;Круг СтШХ15-В;50 мм;;ГОСТ 2590-2006 801-2022, ОГ,В1;Круг;3.95;
0.59;80.080;8856.85;108800;108800;108800;ЧЕЛЯБИНСК;Круг Ст30ХМА;50мм;;ГОСТ 2590-2006,4543-2016, 2ГП;Круг;5.2;
11.80;267.240;20361.02;74890;74890;74890;ЧЕЛЯБИНСК;Круг ст30ХГСА;85мм;;ГОСТ 2590-2006,4543-2016 2ГП;Круг;6;
1.57;93.137;8837.75;93090;92990;92890;ЧЕЛЯБИНСК;Круг Ст38хс;50мм;;ГОСТ 2590-2006, 4543-2016, 2ГП;Круг;6.04;
4.79;108.276;8304.77;74900;74900;74900;ЧЕЛЯБИНСК;Круг ст18ХГТ;56мм;;ГОСТ 2590-2006 4543-2016 2ГП;Круг;5.6;
4.20;96.957;9036.39;93200;92890;92890;НОВОСИБИРСК;Круг СтУ8А;55мм;;ГОСТ 2590-2006, 1435-99 2ГП;Круг;5.25;
1.93;107.180;9860.56;90200;89890;89890;ЧЕЛЯБИНСК;Круг СтУ8А;55мм;;ГОСТ 2590-2006, 1435-99 2ГП;Круг;5.75;
3.67;97.301;11403.65;117200;116890;116890;НОВОСИБИРСК;Круг Ст9ХС;55мм;;ГОСТ 2590-2006, 5950-2000 2ГП;Круг;5.22;
5.16;95.064;10932.36;113200;112890;112890;ЧЕЛЯБИНСК;Круг Ст9ХС;55мм;;ГОСТ 2590-2006, 5950-2000 2ГП;Круг;5.1;
3.19;84.150;32549.22;385000;385000;385000;ЧЕЛЯБИНСК;Круг СтХВГ;55;;ГОСТ 2590-06,5950-2000,2ГП,Т/О;Круг;4.5;
4.20;101.474;9447.21;93100;92990;92990;НОВОСИБИРСК;Круг СтУ8А;56мм;;ГОСТ 2590-2006, 1435-99 2ГП;Круг;5.3;
12.00;267.240;20628.26;75890;75890;75890;ЧЕЛЯБИНСК;Круг ст18ХГТ;85мм;;ГОСТ 2590-2006 4543-2016 2ГП;Круг;6;
9.85;208.080;16271.86;76900;76900;76900;ЧЕЛЯБИНСК;Круг ст18ХГТ;75мм;;ГОСТ 2590-2006 4543-2016 2ГП;Круг;6;
3.80;156.988;18398.99;117200;116890;116890;НОВОСИБИРСК;Круг Ст9ХС;70мм;;ГОСТ 2590-2006, 5950-2000 2ГП;Круг;5.2;
6.75;167.554;19184.99;113200;112890;112890;ЧЕЛЯБИНСК;Круг Ст9ХС;70мм;;ГОСТ 2590-2006, 5950-2000 2ГП;Круг;5.55;
5.41;169.120;65331.06;385000;385000;385000;ЧЕЛЯБИНСК;Круг СтХВГ;70;обточка;ГОСТ 2590-06,5950-2000,2ГП,Т/О;Круг;5.6;
3.83;121.727;22190.80;180500;179890;179890;ЧЕЛЯБИНСК;Круг СтШХ15-В;70 мм;;ГОСТ 2590-2006 801-2022, ОГ,В1;Круг;4.05;
3.87;167.610;18453.86;108800;108800;108800;ЧЕЛЯБИНСК;Круг Ст30ХМА;70мм;;ГОСТ 2590-2006,4543-2016, 2ГП;Круг;5.55;
35.10;237.549;18098.87;74890;74890;74890;ЕКАТЕРИНБУРГ;Круг ст30ХГСА;80мм;;ГОСТ 2590-2006,4543-2016 2ГП;Круг;6.02;
14.79;181.260;13810.20;74890;74890;74890;ЧЕЛЯБИНСК;Круг ст30ХГСА;70мм;;ГОСТ 2590-2006,4543-2016 2ГП;Круг;6;
8.74;182.209;17198.68;93090;92990;92890;ЧЕЛЯБИНСК;Круг Ст38хс;70мм;;ГОСТ 2590-2006, 4543-2016, 2ГП;Круг;6.04;
4.11;169.487;19863.92;117200;116890;116890;НОВОСИБИРСК;Круг Ст9ХС;75мм;;ГОСТ 2590-2006, 5950-2000 2ГП;Круг;4.89;
2.57;183.698;21033.42;113200;112890;112890;ЧЕЛЯБИНСК;Круг Ст9ХС;75мм;;ГОСТ 2590-2006, 5950-2000 2ГП;Круг;5.3;
2.77;176.970;68363.51;385000;385000;385000;ЧЕЛЯБИНСК;Круг СтХВГ;75;обточка;ГОСТ 2590-06,5950-2000,2ГП,Т/О;Круг;5.1;
3.82;138.012;25159.59;180500;179890;179890;ЧЕЛЯБИНСК;Круг СтШХ15-В;75 мм;;ГОСТ 2590-2006 801-2022, ОГ,В1;Круг;4;
9.85;243.998;18592.64;74900;74900;74900;ЧЕЛЯБИНСК;Круг ст18ХГТ;80мм;;ГОСТ 2590-2006 4543-2016 2ГП;Круг;6.03;
2.53;222.300;20718.36;93200;92890;92890;НОВОСИБИРСК;Круг СтУ8А;80мм;;ГОСТ 2590-2006, 1435-99 2ГП;Круг;5.7;
5.83;231.848;21214.13;90200;89890;89890;ЧЕЛЯБИНСК;Круг СтУ8А;80мм;;ГОСТ 2590-2006, 1435-99 2ГП;Круг;5.88;
4.50;208.080;15853.62;74890;74890;74890;ЧЕЛЯБИНСК;Круг ст30ХГСА;75мм;;ГОСТ 2590-2006,4543-2016 2ГП;Круг;6;
5.66;194.320;21394.63;108800;108800;108800;ЧЕЛЯБИНСК;Круг Ст30ХМА;75мм;;ГОСТ 2590-2006,4543-2016, 2ГП;Круг;5.6;
6.62;209.832;19806.05;93090;92990;92890;ЧЕЛЯБИНСК;Круг Ст38хс;75мм;;ГОСТ 2590-2006, 4543-2016, 2ГП;Круг;6.05;
6.87;156.600;14781.47;93090;92990;92890;ЧЕЛЯБИНСК;Круг Ст38хс;65мм;;ГОСТ 2590-2006, 4543-2016, 2ГП;Круг;6;
7.06;154.446;11767.24;74890;74890;74890;ЧЕЛЯБИНСК;Круг ст30ХГСА;65мм;;ГОСТ 2590-2006,4543-2016 2ГП;Круг;6;
1.05;128.673;14231.23;108800;108800;108800;ЧЕЛЯБИНСК;Круг Ст30ХМА;65мм;;ГОСТ 2590-2006,4543-2016, 2ГП;Круг;4.93;
2.84;132.455;12185.82;90200;89890;89890;ЧЕЛЯБИНСК;Круг СтУ8А;60мм;;ГОСТ 2590-2006, 1435-99 2ГП;Круг;5.8;
2.94;112.200;43398.96;385000;385000;385000;ЧЕЛЯБИНСК;Круг СтХВГ;60;;ГОСТ 2590-06,5950-2000,2ГП,Т/О;Круг;5.1;
3.66;88.328;16102.19;180500;179890;179890;ЧЕЛЯБИНСК;Круг СтШХ15-В;60 мм;;ГОСТ 2590-2006 801-2022, ОГ,В1;Круг;4;
3.02;110.900;12997.48;117200;116890;116890;НОВОСИБИРСК;Круг Ст9ХС;60мм;;ГОСТ 2590-2006, 5950-2000 2ГП;Круг;5;
4.22;103.297;9627.24;93200;92890;92890;НОВОСИБИРСК;Круг СтУ8А;60мм;;ГОСТ 2590-2006, 1435-99 2ГП;Круг;4.7;
10.59;156.300;11910.06;74900;74900;74900;ЧЕЛЯБИНСК;Круг ст18ХГТ;65мм;;ГОСТ 2590-2006 4543-2016 2ГП;Круг;6;
8.60;181.260;13810.20;74890;74890;74890;ЧЕЛЯБИНСК;Круг ст18ХГТ;70мм;;ГОСТ 2590-2006 4543-2016 2ГП;Круг;6;
4.71;236.605;26050.21;108800;108800;108800;ЧЕЛЯБИНСК;Круг Ст30ХМА;80мм;;ГОСТ 2590-2006,4543-2016, 2ГП;Круг;5.99;
13.52;236.760;18038.74;74890;74890;74890;ЧЕЛЯБИНСК;Круг ст30ХГСА;80мм;;ГОСТ 2590-2006,4543-2016 2ГП;Круг;6;
9.48;236.706;22342.70;93090;92990;92890;ЧЕЛЯБИНСК;Круг Ст38хс;80мм;;ГОСТ 2590-2006, 4543-2016, 2ГП;Круг;6.05;
2.18;135.356;12452.75;90200;89890;89890;ЧЕЛЯБИНСК;Круг СтУ8А;65мм;;ГОСТ 2590-2006, 1435-99 2ГП;Круг;5.2;
3.36;103.660;18897.22;180500;179890;179890;ЧЕЛЯБИНСК;Круг СтШХ15-В;65 мм;;ГОСТ 2590-2006 801-2022, ОГ,В1;Круг;4;
3.30;155.558;14498.01;93200;92890;92890;НОВОСИБИРСК;Круг СтУ8А;70мм;;ГОСТ 2590-2006, 1435-99 2ГП;Круг;5.2;
5.55;170.573;15607.48;90200;89890;89890;ЧЕЛЯБИНСК;Круг СтУ8А;70мм;;ГОСТ 2590-2006, 1435-99 2ГП;Круг;5.65;
3.59;130.150;15253.58;117200;116890;116890;НОВОСИБИРСК;Круг Ст9ХС;65мм;;ГОСТ 2590-2006, 5950-2000 2ГП;Круг;5;
4.39;139.260;16014.96;113200;112890;112890;ЧЕЛЯБИНСК;Круг Ст9ХС;65мм;;ГОСТ 2590-2006, 5950-2000 2ГП;Круг;5.35;
3.65;134.129;12500.80;93200;92890;92890;НОВОСИБИРСК;Круг СтУ8А;65мм;;ГОСТ 2590-2006, 1435-99 2ГП;Круг;5.2;
1.76;59.160;4536.98;74890;74890;74890;ЧЕЛЯБИНСК;Круг ст30ХГСА;40мм;;ГОСТ 2590-2006,4543-2016 2ГП;Круг;6;
5.25;55.272;6113.08;108800;108800;108800;ЧЕЛЯБИНСК;Круг Ст30ХМА;40мм;;ГОСТ 2590-2006,4543-2016, 2ГП;Круг;5.6;
3.71;59.554;5651.12;93090;92990;92890;ЧЕЛЯБИНСК;Круг Ст38хс;40мм;;ГОСТ 2590-2006, 4543-2016, 2ГП;Круг;6.04;
3.58;302.636;23269.71;75890;75890;75890;ЧЕЛЯБИНСК;Круг ст18ХГТ;90мм;;ГОСТ 2590-2006 4543-2016 2ГП;Круг;6.06;
6.92;65.280;4875.76;72890;72890;72890;ЧЕЛЯБИНСК;Круг ст18ХГТ;42мм;;ГОСТ 2590-2006 4543-2016 2ГП;Круг;6;
5.89;248.400;95956.92;385000;385000;385000;ЧЕЛЯБИНСК;Круг СтХВГ;85;обточка;ГОСТ 2590-06,5950-2000,2ГП,Т/О;Круг;5.4;
5.54;51.319;5901.66;113200;112890;112890;ЧЕЛЯБИНСК;Круг Ст9ХС;40мм;;ГОСТ 2590-2006, 5950-2000 2ГП;Круг;5.2;
4.13;51.760;4824.00;93200;92890;92890;НОВОСИБИРСК;Круг СтУ8А;40мм;;ГОСТ 2590-2006, 1435-99 2ГП;Круг;5.25;
1.63;59.154;5442.17;90200;89890;89890;ЧЕЛЯБИНСК;Круг СтУ8А;40мм;;ГОСТ 2590-2006, 1435-99 2ГП;Круг;6;
4.50;56.430;21827.12;385000;385000;385000;ЧЕЛЯБИНСК;Круг СтХВГ;40;;ГОСТ 2590-06,5950-2000,2ГП,Т/О;Круг;5.7;
3.60;40.237;7383.56;180500;179890;179890;ЧЕЛЯБИНСК;Круг СтШХ15-В;40 мм;;ГОСТ 2590-2006 801-2022, ОГ,В1;Круг;4.1;
4.21;223.597;20459.11;90200;89890;89890;ЧЕЛЯБИНСК;Круг СтУ8А;90мм;;ГОСТ 2590-2006, 1435-99 2ГП;Круг;4.48;
4.25;226.486;21108.46;93200;92890;92890;НОВОСИБИРСК;Круг СтУ8А;90мм;;ГОСТ 2590-2006, 1435-99 2ГП;Круг;4.58;
11.40;48.000;4612.32;93090;92990;92890;ЧЕЛЯБИНСК;Круг Ст38хс;36мм;;ГОСТ 2590-2006, 4543-2016, 2ГП;Круг;6;
5.77;46.342;3609.58;74890;74890;74890;ЧЕЛЯБИНСК;Круг ст30ХГСА;36мм;;ГОСТ 2590-2006,4543-2016 2ГП;Круг;5.8;
2.80;39.151;4377.08;108800;108800;108800;ЧЕЛЯБИНСК;Круг Ст30ХМА;36мм;;ГОСТ 2590-2006,4543-2016, 2ГП;Круг;4.9;
15.49;53.845;5109.35;93090;92990;92890;ЧЕЛЯБИНСК;Круг Ст38хс;38мм;;ГОСТ 2590-2006, 4543-2016, 2ГП;Круг;6.05;
6.28;59.160;4418.66;72890;72890;72890;ЧЕЛЯБИНСК;Круг ст18ХГТ;40мм;;ГОСТ 2590-2006 4543-2016 2ГП;Круг;6;
3.83;45.014;4195.35;90200;89890;89890;ЧЕЛЯБИНСК;Круг СтУ8А;36мм;;ГОСТ 2590-2006, 1435-99 2ГП;Круг;5.38;
3.90;45.543;17670.68;385000;385000;385000;ЧЕЛЯБИНСК;Круг СтХВГ;36;;ГОСТ 2590-06,5950-2000,2ГП,Т/О;Круг;5.7;
3.72;31.001;5688.70;180500;179890;179890;ЧЕЛЯБИНСК;Круг СтШХ15-В;36 мм;;ГОСТ 2590-2006 801-2022, ОГ,В1;Круг;3.9;
4.07;45.919;5381.77;117200;116890;116890;НОВОСИБИРСК;Круг Ст9ХС;36мм;;ГОСТ 2590-2006, 5950-2000 2ГП;Круг;5.75;
4.06;45.520;5289.45;113200;112890;112890;ЧЕЛЯБИНСК;Круг Ст9ХС;36мм;;ГОСТ 2590-2006, 5950-2000 2ГП;Круг;5.7;
3.11;38.333;3572.62;93200;92890;92890;НОВОСИБИРСК;Круг СтУ8А;36мм;;ГОСТ 2590-2006, 1435-99 2ГП;Круг;4.8;
12.15;53.400;4095.25;74890;74890;74890;ЧЕЛЯБИНСК;Круг ст30ХГСА;38мм;;ГОСТ 2590-2006,4543-2016 2ГП;Круг;6;
3.89;76.680;8480.81;108800;108800;108800;ЧЕЛЯБИНСК;Круг Ст30ХМА;48мм;;ГОСТ 2590-2006,4543-2016, 2ГП;Круг;5.4;
3.72;62.973;7380.49;117200;116890;116890;НОВОСИБИРСК;Круг Ст9ХС;45мм;;ГОСТ 2590-2006, 5950-2000 2ГП;Круг;5.05;
7.19;69.333;7973.32;113200;112890;112890;ЧЕЛЯБИНСК;Круг Ст9ХС;45мм;;ГОСТ 2590-2006, 5950-2000 2ГП;Круг;5.56;
4.25;72.571;6763.60;93200;92890;92890;НОВОСИБИРСК;Круг СтУ8А;45мм;;ГОСТ 2590-2006, 1435-99 2ГП;Круг;5.87;
7.30;68.585;6309.82;90200;89890;89890;ЧЕЛЯБИНСК;Круг СтУ8А;45мм;;ГОСТ 2590-2006, 1435-99 2ГП;Круг;5.5;
2.71;68.750;26592.50;385000;385000;385000;ЧЕЛЯБИНСК;Круг СтХВГ;45;;ГОСТ 2590-06,5950-2000,2ГП,Т/О;Круг;5.5;
3.62;50.926;9283.83;180500;179890;179890;ЧЕЛЯБИНСК;Круг СтШХ15-В;45 мм;;ГОСТ 2590-2006 801-2022, ОГ,В1;Круг;4.1;
21.43;92.478;6907.18;72890;72890;72890;ЧЕЛЯБИНСК;Круг ст18ХГТ;50мм;;ГОСТ 2590-2006 4543-2016 2ГП;Круг;6;
0.95;205.160;22588.12;108800;108800;108800;ЧЕЛЯБИНСК;Круг Ст30ХМА;85мм;;ГОСТ 2590-2006,4543-2016, 2ГП;Круг;4.6;
7.45;267.600;25258.76;93090;92990;92890;ЧЕЛЯБИНСК;Круг Ст38хс;85мм;;ГОСТ 2590-2006, 4543-2016, 2ГП;Круг;6;
3.02;55.185;10060.23;180500;179890;179890;ЧЕЛЯБИНСК;Круг СтШХ15-В;48 мм;;ГОСТ 2590-2006 801-2022, ОГ,В1;Круг;3.9;
4.57;88.525;8250.57;93200;92890;92890;НОВОСИБИРСК;Круг СтУ8А;50мм;;ГОСТ 2590-2006, 1435-99 2ГП;Круг;5.8;
8.26;86.240;7934.08;90200;89890;89890;ЧЕЛЯБИНСК;Круг СтУ8А;50мм;;ГОСТ 2590-2006, 1435-99 2ГП;Круг;5.6;
7.52;75.035;5604.35;72890;72890;72890;ЧЕЛЯБИНСК;Круг ст18ХГТ;45мм;;ГОСТ 2590-2006 4543-2016 2ГП;Круг;6.01;
4.32;56.337;6602.67;117200;116890;116890;НОВОСИБИРСК;Круг Ст9ХС;42мм;;ГОСТ 2590-2006, 5950-2000 2ГП;Круг;5.2;
3.61;57.076;5319.46;93200;92890;92890;НОВОСИБИРСК;Круг СтУ8А;42мм;;ГОСТ 2590-2006, 1435-99 2ГП;Круг;5.3;
3.77;62.130;24031.88;385000;385000;385000;ЧЕЛЯБИНСК;Круг СтХВГ;42;;ГОСТ 2590-06,5950-2000,2ГП,Т/О;Круг;5.7;
4.30;43.336;7952.16;180500;179890;179890;ЧЕЛЯБИНСК;Круг СтШХ15-В;42 мм;;ГОСТ 2590-2006 801-2022, ОГ,В1;Круг;4;
5.69;65.256;5004.48;74890;74890;74890;ЧЕЛЯБИНСК;Круг ст30ХГСА;42мм;;ГОСТ 2590-2006,4543-2016 2ГП;Круг;6;
4.10;253.764;29055.98;113200;112890;112890;ЧЕЛЯБИНСК;Круг Ст9ХС;85мм;;ГОСТ 2590-2006, 5950-2000 2ГП;Круг;5.7;
4.27;240.408;28175.82;117200;116890;116890;НОВОСИБИРСК;Круг Ст9ХС;85мм;;ГОСТ 2590-2006, 5950-2000 2ГП;Круг;5.4;
0.45;58.024;5505.94;93090;92990;92890;ЧЕЛЯБИНСК;Круг Ст38хс;42мм;;ГОСТ 2590-2006, 4543-2016, 2ГП;Круг;5.05;
10.08;73.008;6927.73;93090;92990;92890;ЧЕЛЯБИНСК;Круг Ст38хс;45мм;;ГОСТ 2590-2006, 4543-2016, 2ГП;Круг;5.85;
1.07;73.008;5598.98;74890;74890;74890;ЧЕЛЯБИНСК;Круг ст30ХГСА;45мм;;ГОСТ 2590-2006,4543-2016 2ГП;Круг;5.85;
9.30;721.344;55103.47;75890;75890;75890;ЧЕЛЯБИНСК;Круг ст18ХГТ;150мм;;ГОСТ 2590-2006 4543-2016 2ГП;Круг;5.2;
14.47;832.326;62749.06;74890;74890;74890;ЧЕЛЯБИНСК;Круг ст30ХГСА;150мм;;ГОСТ 2590-2006,4543-2016 2ГП;Круг;6;
5.16;414.000;47527.20;113800;113800;113800;ЧЕЛЯБИНСК;Круг Ст30ХМА;150мм;;ГОСТ 2590-2006,4543-2016, 2ГП;Круг;3;
3.62;7.018;688.40;93090;92990;92890;ЧЕЛЯБИНСК;Круг Ст38хс;14мм;;ГОСТ 2590-2006, 4543-2016, 2ГП;Круг;5.8;
4.17;5.130;621.80;121200;120890;120890;НОВОСИБИРСК;Круг Ст9ХС;14мм;;ГОСТ 2590-2006, 5950-2000 2ГП;Круг;4.24;
2.83;5.142;628.41;117200;116890;116890;ЧЕЛЯБИНСК;Круг Ст9ХС;14мм;;ГОСТ 2590-2006, 5950-2000 2ГП;Круг;4.25;
4.06;6.276;584.96;93200;92890;92890;НОВОСИБИРСК;Круг СтУ8А;14мм;;ГОСТ 2590-2006, 1435-99 2ГП;Круг;5.2;
4.88;5.190;494.10;90200;89890;89890;ЧЕЛЯБИНСК;Круг СтУ8А;14мм;;ГОСТ 2590-2006, 1435-99 2ГП;Круг;4.3;
2.57;6.300;2520.00;395000;395000;395000;ЧЕЛЯБИНСК;Круг СтХВГ;14;;ГОСТ 2590-06,5950-2000,2ГП,Т/О;Круг;4.5;
3.93;7.092;1445.95;198890;198890;198890;ЧЕЛЯБИНСК;Круг СтШХ15-В;14 мм;;ГОСТ 2590-2006 801-2022, ОГ,В1;Круг;5.9;
9.11;440.907;56828.50;127890;127890;127890;ЧЕЛЯБИНСК;Круг Ст9ХС;150мм;;ГОСТ 2590-2006, 5950-2000 2ГП;Круг;3.18;
4.44;438.400;42914.98;97890;97890;97890;НОВОСИБИРСК;Круг СтУ8А;150мм;;ГОСТ 2590-2006, 1435-99 2ГП;Круг;3.2;
2.99;393.766;37758.22;94890;94890;94890;ЧЕЛЯБИНСК;Круг СтУ8А;150мм;;ГОСТ 2590-2006, 1435-99 2ГП;Круг;2.84;
6.75;675.469;260528.39;385000;385000;385000;ЧЕЛЯБИНСК;Круг СтХВГ;150;обточка;ГОСТ 2590-06,5950-2000,2ГП,Т/О;Круг;4.87;
3.13;420.930;78503.54;185500;184890;184890;ЧЕЛЯБИНСК;Круг СтШХ15-В;150 мм;;ГОСТ 2590-2006 801-2022, ОГ,В1;Круг;3.05;
4.00;409.017;53945.32;131890;131890;131890;НОВОСИБИРСК;Круг Ст9ХС;150мм;;ГОСТ 2590-2006, 5950-2000 2ГП;Круг;2.95;
10.97;946.980;72339.80;75890;75890;75890;ЧЕЛЯБИНСК;Круг ст18ХГТ;160мм;;ГОСТ 2590-2006 4543-2016 2ГП;Круг;6;
10.47;839.256;78545.97;93090;92990;92890;ЧЕЛЯБИНСК;Круг Ст38хс;150мм;;ГОСТ 2590-2006, 4543-2016, 2ГП;Круг;6.05;
12.16;725.046;54661.22;74890;74890;74890;ЧЕЛЯБИНСК;Круг ст30ХГСА;140мм;;ГОСТ 2590-2006,4543-2016 2ГП;Круг;6;
6.15;381.728;43822.37;113800;113800;113800;ЧЕЛЯБИНСК;Круг Ст30ХМА;140мм;;ГОСТ 2590-2006,4543-2016, 2ГП;Круг;3.16;
9.37;729.874;68308.87;93090;92990;92890;ЧЕЛЯБИНСК;Круг Ст38хс;140мм;;ГОСТ 2590-2006, 4543-2016, 2ГП;Круг;6.04;
11.23;2863.412;440965.43;154000;154000;154000;ЧЕЛЯБИНСК;Круг ст18ХГТ;330мм;;ТУ14-1-2118-98 4543-2016 3ГП;Круг;4.24;
1.47;536.630;206978.19;385000;385000;385000;ЧЕЛЯБИНСК;Круг СтХВГ;130;обточка;ГОСТ 2590-06,5950-2000,2ГП,Т/О;Круг;5.15;
9.88;725.040;55385.81;75890;75890;75890;ЧЕЛЯБИНСК;Круг ст18ХГТ;140мм;;ГОСТ 2590-2006 4543-2016 2ГП;Круг;6;
5.78;7.320;584.83;74890;74890;74890;ЧЕЛЯБИНСК;Круг ст30ХГСА;14мм;;ГОСТ 2590-2006,4543-2016 2ГП;Круг;6.05;
4.55;5.445;619.64;108800;108800;108800;ЧЕЛЯБИНСК;Круг Ст30ХМА;14мм;;ГОСТ 2590-2006,4543-2016, 2ГП;Круг;4.5;
10.32;2729.303;420312.65;154000;154000;154000;ЧЕЛЯБИНСК;Круг ст18ХГТ;320мм;;ТУ14-1-2118-98 4543-2016 3ГП;Круг;4.33;
4.40;370.284;69057.93;185500;184890;184890;ЧЕЛЯБИНСК;Круг СтШХ15-В;140 мм;;ГОСТ 2590-2006 801-2022, ОГ,В1;Круг;3.08;
6.53;2654.421;408780.77;154000;154000;154000;ЧЕЛЯБИНСК;Круг ст18ХГТ;310мм;;ТУ14-1-2118-98 4543-2016 3ГП;Круг;4.43;
4.97;374.418;45637.81;121890;121890;121890;НОВОСИБИРСК;Круг Ст9ХС;140мм;;ГОСТ 2590-2006, 5950-2000 2ГП;Круг;3.1;
2.98;404.613;48104.44;117890;117890;117890;ЧЕЛЯБИНСК;Круг Ст9ХС;140мм;;ГОСТ 2590-2006, 5950-2000 2ГП;Круг;3.35;
0.82;340.800;33360.91;97890;97890;97890;НОВОСИБИРСК;Круг СтУ8А;140мм;;ГОСТ 2590-2006, 1435-99 2ГП;Круг;2.84;
2.18;658.001;253790.91;385000;385000;385000;ЧЕЛЯБИНСК;Круг СтХВГ;140;обточка;ГОСТ 2590-06,5950-2000,2ГП,Т/О;Круг;5.4;
7.19;1047.816;88949.10;84890;84890;84890;ЧЕЛЯБИНСК;Круг ст30ХГСА;170мм;;ГОСТ 34636-2020, 4543-2016 2ГП;Круг;5.88;
6.81;553.580;63384.91;113800;113800;113800;ЧЕЛЯБИНСК;Круг Ст30ХМА;170мм;;ГОСТ 2590-2006,4543-2016, 2ГП;Круг;3.11;
12.62;1057.272;98421.45;93090;92990;92890;ЧЕЛЯБИНСК;Круг Ст38хс;170мм;;ГОСТ 2590-2006, 4543-2016, 3ГП;Круг;6;
14.30;1086.898;92266.77;84890;84890;84890;ЧЕЛЯБИНСК;Круг ст30ХГСА;170мм;;ГОСТ 2590-2006,4543-2016 2ГП;Круг;6.1;
18.60;1028.099;88303.39;85890;85890;85890;ЧЕЛЯБИНСК;Круг ст18ХГТ;170мм;;ГОСТ 2590-2006 4543-2016 2ГП;Круг;5.77;
3.19;6.557;794.71;121200;120890;120890;НОВОСИБИРСК;Круг Ст9ХС;16мм;;ГОСТ 2590-2006, 5950-2000 2ГП;Круг;4.15;
3.17;6.636;810.92;117200;116890;116890;ЧЕЛЯБИНСК;Круг Ст9ХС;16мм;;ГОСТ 2590-2006, 5950-2000 2ГП;Круг;4.2;
2.31;7.123;2849.20;395000;395000;395000;ЧЕЛЯБИНСК;Круг СтХВГ;16;;ГОСТ 2590-06,5950-2000,2ГП,Т/О;Круг;4.19;
3.41;6.280;1164.94;180500;179890;179890;ЧЕЛЯБИНСК;Круг СтШХ15-В;16 мм;;ГОСТ 2590-2006 801-2022, ОГ,В1;Круг;4;
2.60;1218.536;104660.06;85890;85890;85890;ЧЕЛЯБИНСК;Круг ст18ХГТ;180мм;;ГОСТ 2590-2006 4543-2016 2ГП;Круг;6.1;
7.59;1172.000;100663.08;85890;85890;85890;ЧЕЛЯБИНСК;Круг ст18ХГТ;180мм;;ГОСТ 34636-2020,4543-2016 2ГП;Круг;5.86;
3.19;462.085;60944.39;131890;131890;131890;НОВОСИБИРСК;Круг Ст9ХС;170мм;;ГОСТ 2590-2006, 5950-2000 2ГП;Круг;2.6;
4.79;498.400;64238.78;127890;127890;127890;ЧЕЛЯБИНСК;Круг Ст9ХС;170мм;;ГОСТ 2590-2006, 5950-2000 2ГП;Круг;2.8;
3.40;466.400;45655.90;97890;97890;97890;НОВОСИБИРСК;Круг СтУ8А;170мм;;ГОСТ 2590-2006, 1435-99 2ГП;Круг;2.65;
2.40;569.600;54448.06;94890;94890;94890;ЧЕЛЯБИНСК;Круг СтУ8А;170мм;;ГОСТ 2590-2006, 1435-99 2ГП;Круг;3.2;
4.69;820.580;316333.59;385000;385000;385000;ЧЕЛЯБИНСК;Круг СтХВГ;170;обточка;ГОСТ 2590-06,5950-2000,2ГП,Т/О;Круг;4.61;
3.72;6.623;617.30;93200;92890;92890;НОВОСИБИРСК;Круг СтУ8А;16мм;;ГОСТ 2590-2006, 1435-99 2ГП;Круг;4.2;
6.26;7.096;675.59;90200;89890;89890;ЧЕЛЯБИНСК;Круг СтУ8А;16мм;;ГОСТ 2590-2006, 1435-99 2ГП;Круг;4.5;
3.08;440.807;58138.01;131890;131890;131890;НОВОСИБИРСК;Круг Ст9ХС;160мм;;ГОСТ 2590-2006, 5950-2000 2ГП;Круг;2.8;
6.29;741.425;95191.56;127890;127890;127890;ЧЕЛЯБИНСК;Круг Ст9ХС;160мм;;ГОСТ 2590-2006, 5950-2000 2ГП;Круг;4.7;
3.76;499.200;48866.69;97890;97890;97890;НОВОСИБИРСК;Круг СтУ8А;160мм;;ГОСТ 2590-2006, 1435-99 2ГП;Круг;3.2;
6.27;482.715;46287.54;94890;94890;94890;ЧЕЛЯБИНСК;Круг СтУ8А;160мм;;ГОСТ 2590-2006, 1435-99 2ГП;Круг;3.06;
4.17;869.000;334999.50;385000;385000;385000;ЧЕЛЯБИНСК;Круг СтХВГ;160;обточка;ГОСТ 2590-06,5950-2000,2ГП,Т/О;Круг;5.5;
4.30;510.331;95023.67;185500;184890;184890;ЧЕЛЯБИНСК;Круг СтШХ15-В;160 мм;;ГОСТ 2590-2006 801-2022, ОГ,В1;Круг;3.25;
8.56;955.001;71997.51;74890;74890;74890;ЧЕЛЯБИНСК;Круг ст30ХГСА;160мм;;ГОСТ 2590-2006,4543-2016 2ГП;Круг;6.02;
9.30;707.392;80854.91;113800;113800;113800;ЧЕЛЯБИНСК;Круг Ст30ХМА;160мм;;ГОСТ 2590-2006,4543-2016, 2ГП;Круг;4.48;
7.55;948.000;88723.32;93090;92990;92890;ЧЕЛЯБИНСК;Круг Ст38хс;160мм;;ГОСТ 2590-2006, 4543-2016, 3ГП;Круг;6;
9.01;9.512;759.88;74890;74890;74890;ЧЕЛЯБИНСК;Круг ст30ХГСА;16мм;;ГОСТ 2590-2006,4543-2016 2ГП;Круг;6.02;
1.92;7.268;827.10;108800;108800;108800;ЧЕЛЯБИНСК;Круг Ст30ХМА;16мм;;ГОСТ 2590-2006,4543-2016, 2ГП;Круг;4.6;
3.39;9.577;939.42;93090;92990;92890;ЧЕЛЯБИНСК;Круг Ст38хс;16мм;;ГОСТ 2590-2006, 4543-2016, 2ГП;Круг;6.05;
4.21;3.065;683.49;218000;216890;216890;ЧЕЛЯБИНСК;Круг СтШХ15-В;10 мм;;ГОСТ 2590-2006 801-2022, ОГ,В1;Круг;5;
3.77;2.337;297.27;127200;126890;126890;НОВОСИБИРСК;Круг Ст9ХС;10мм;;ГОСТ 2590-2006, 5950-2000 2ГП;Круг;3.8;
4.45;2.635;337.81;123200;122890;122890;ЧЕЛЯБИНСК;Круг Ст9ХС;10мм;;ГОСТ 2590-2006, 5950-2000 2ГП;Круг;4.25;
7.46;440.140;41412.77;93090;92990;92890;ЧЕЛЯБИНСК;Круг Ст38хс;110мм;;ГОСТ 2590-2006, 4543-2016, 2ГП;Круг;5.9;
12.12;448.800;34059.43;74890;74890;74890;ЧЕЛЯБИНСК;Круг ст18ХГТ;110мм;;ГОСТ 2590-2006 4543-2016 2ГП;Круг;6;
16.35;450.000;34150.50;74890;74890;74890;ЧЕЛЯБИНСК;Круг ст30ХГСА;110мм;;ГОСТ 2590-2006,4543-2016 2ГП;Круг;6;
4.36;364.048;39972.47;108800;108800;108800;ЧЕЛЯБИНСК;Круг Ст30ХМА;110мм;;ГОСТ 2590-2006,4543-2016, 2ГП;Круг;4.88;
4.88;449.092;34081.59;74890;74890;74890;ЕКАТЕРИНБУРГ;Круг ст30ХГСА;110мм;;ГОСТ 2590-2006,4543-2016 2ГП;Круг;6.02;
11.63;372.366;28258.86;74890;74890;74890;ЧЕЛЯБИНСК;Круг ст30ХГСА;100мм;;ГОСТ 2590-2006,4543-2016 2ГП;Круг;6.04;
9.89;322.400;35399.52;108800;108800;108800;ЧЕЛЯБИНСК;Круг Ст30ХМА;100мм;;ГОСТ 2590-2006,4543-2016, 2ГП;Круг;5.2;
4.75;371.133;28165.28;74890;74890;74890;ЕКАТЕРИНБУРГ;Круг ст30ХГСА;100мм;;ГОСТ 2590-2006,4543-2016 2ГП;Круг;6.02;
6.90;372.982;28678.62;75890;75890;75890;ЧЕЛЯБИНСК;Круг ст18ХГТ;100мм;;ГОСТ 2590-2006 4543-2016 2ГП;Круг;6.05;
8.44;407.838;31358.66;75890;75890;75890;ЧЕЛЯБИНСК;Круг ст18ХГТ;105мм;;ГОСТ 2590-2006 4543-2016 3ГП;Круг;6;
3.01;347.700;32405.64;93200;92890;92890;НОВОСИБИРСК;Круг СтУ8А;100мм;;ГОСТ 2590-2006, 1435-99 2ГП;Круг;5.7;
5.68;354.315;32313.53;90200;89890;89890;ЧЕЛЯБИНСК;Круг СтУ8А;100мм;;ГОСТ 2590-2006, 1435-99 2ГП;Круг;5.75;
1.90;283.820;109639.67;385000;385000;385000;ЧЕЛЯБИНСК;Круг СтХВГ;100;обточка;ГОСТ 2590-06,5950-2000,2ГП,Т/О;Круг;4.6;
3.85;207.322;37691.21;180500;179890;179890;ЧЕЛЯБИНСК;Круг СтШХ15-В;100 мм;;ГОСТ 2590-2006 801-2022, ОГ,В1;Круг;3.38;
7.18;411.237;31208.75;74890;74890;74890;ЧЕЛЯБИНСК;Круг ст30ХГСА;105мм;;ГОСТ 2590-2006,4543-2016 2ГП;Круг;6.05;
11.26;372.982;35093.92;93090;92990;92890;ЧЕЛЯБИНСК;Круг Ст38хс;100мм;;ГОСТ 2590-2006, 4543-2016, 2ГП;Круг;6.05;
2.81;3.778;370.60;93090;92990;92890;ЧЕЛЯБИНСК;Круг Ст38хс;12мм;;ГОСТ 2590-2006, 4543-2016, 2ГП;Круг;4.25;
3.25;3.738;453.05;121200;120890;120890;НОВОСИБИРСК;Круг Ст9ХС;12мм;;ГОСТ 2590-2006, 5950-2000 2ГП;Круг;4.2;
3.61;3.738;456.78;117200;116890;116890;ЧЕЛЯБИНСК;Круг Ст9ХС;12мм;;ГОСТ 2590-2006, 5950-2000 2ГП;Круг;4.2;
4.22;4.258;426.19;95100;94990;94990;ЧЕЛЯБИНСК;Круг СтУ8А;12мм;;ГОСТ 2590-2006, 1435-99 2ГП;Круг;4.8;
1.88;3.825;1530.00;395000;395000;395000;ЧЕЛЯБИНСК;Круг СтХВГ;12;;ГОСТ 2590-06,5950-2000,2ГП,Т/О;Круг;4.25;
2.90;4.592;1023.93;218000;216890;216890;ЧЕЛЯБИНСК;Круг СтШХ15-В;12 мм;;ГОСТ 2590-2006 801-2022, ОГ,В1;Круг;5.2;
12.92;2777.944;427803.33;154000;154000;154000;ЧЕЛЯБИНСК;Круг ст18ХГТ;350мм;;ТУ14-1-2118-98 4543-2016 3ГП;Круг;3.68;
2.48;3.649;415.26;108800;108800;108800;ЧЕЛЯБИНСК;Круг Ст30ХМА;12мм;;ГОСТ 2590-2006,4543-2016, 2ГП;Круг;4.1;
9.91;630.410;59126.15;93090;92990;92890;ЧЕЛЯБИНСК;Круг Ст38хс;130мм;;ГОСТ 2590-2006, 4543-2016, 2ГП;Круг;6.05;
10.50;2706.968;416873.07;154000;154000;154000;ЧЕЛЯБИНСК;Круг ст18ХГТ;340мм;;ТУ14-1-2118-98 4543-2016 3ГП;Круг;3.8;
9.02;630.410;48283.10;75890;75890;75890;ЧЕЛЯБИНСК;Круг ст18ХГТ;130мм;;ГОСТ 2590-2006 4543-2016 2ГП;Круг;6.05;
9.24;625.200;47258.87;74890;74890;74890;ЕКАТЕРИНБУРГ;Круг ст30ХГСА;130мм;;ГОСТ 2590-2006,4543-2016 2ГП;Круг;6;
23.36;625.200;47258.87;74890;74890;74890;ЧЕЛЯБИНСК;Круг ст30ХГСА;130мм;;ГОСТ 2590-2006,4543-2016 2ГП;Круг;6;
11.90;537.119;41137.94;75890;75890;75890;ЧЕЛЯБИНСК;Круг ст18ХГТ;120мм;;ГОСТ 2590-2006 4543-2016 2ГП;Круг;6.05;
25.16;536.231;40533.72;74890;74890;74890;ЕКАТЕРИНБУРГ;Круг ст30ХГСА;120мм;;ГОСТ 2590-2006,4543-2016 2ГП;Круг;6.04;
8.24;490.853;37250.81;74890;74890;74890;ЧЕЛЯБИНСК;Круг ст30ХГСА;115мм;;ГОСТ 2590-2006,4543-2016 2ГП;Круг;6.02;
2.96;339.314;39767.62;117200;116890;116890;НОВОСИБИРСК;Круг Ст9ХС;110мм;;ГОСТ 2590-2006, 5950-2000 2ГП;Круг;4.56;
6.36;328.064;37464.91;113200;112890;112890;ЧЕЛЯБИНСК;Круг Ст9ХС;110мм;;ГОСТ 2590-2006, 5950-2000 2ГП;Круг;4.4;
3.68;325.600;30345.92;93200;92890;92890;НОВОСИБИРСК;Круг СтУ8А;110мм;;ГОСТ 2590-2006, 1435-99 2ГП;Круг;4.4;
3.84;395.168;36039.32;90200;89890;89890;ЧЕЛЯБИНСК;Круг СтУ8А;110мм;;ГОСТ 2590-2006, 1435-99 2ГП;Круг;5.3;
2.37;364.794;140810.48;385000;385000;385000;ЧЕЛЯБИНСК;Круг СтХВГ;110;обточка;ГОСТ 2590-06,5950-2000,2ГП,Т/О;Круг;4.89;
2.89;290.938;52892.62;180500;179890;179890;ЧЕЛЯБИНСК;Круг СтШХ15-В;110 мм;;ГОСТ 2590-2006 801-2022, ОГ,В1;Круг;3.92;
2.96;314.140;36817.16;117200;116890;116890;НОВОСИБИРСК;Круг Ст9ХС;120мм;;ГОСТ 2590-2006, 5950-2000 2ГП;Круг;3.54;
5.63;315.027;35976.08;113200;112890;112890;ЧЕЛЯБИНСК;Круг Ст9ХС;120мм;;ГОСТ 2590-2006, 5950-2000 2ГП;Круг;3.55;
3.27;325.600;30345.92;93200;92890;92890;НОВОСИБИРСК;Круг СтУ8А;120мм;;ГОСТ 2590-2006, 1435-99 2ГП;Круг;3.7;
5.03;310.555;28322.62;90200;89890;89890;ЧЕЛЯБИНСК;Круг СтУ8А;120мм;;ГОСТ 2590-2006, 1435-99 2ГП;Круг;3.5;
4.75;435.907;168260.18;385000;385000;385000;ЧЕЛЯБИНСК;Круг СтХВГ;120;обточка;ГОСТ 2590-06,5950-2000,2ГП,Т/О;Круг;4.8;
4.61;307.374;55788.47;180500;179890;179890;ЧЕЛЯБИНСК;Круг СтШХ15-В;120 мм;;ГОСТ 2590-2006 801-2022, ОГ,В1;Круг;3.48;
9.46;532.680;49960.06;93090;92990;92890;ЧЕЛЯБИНСК;Круг Ст38хс;120мм;;ГОСТ 2590-2006, 4543-2016, 2ГП;Круг;6;
13.29;532.680;40265.28;74890;74890;74890;ЧЕЛЯБИНСК;Круг ст30ХГСА;120мм;;ГОСТ 2590-2006,4543-2016 2ГП;Круг;6;
7.59;540.000;40818.60;74890;74890;74890;ЧЕЛЯБИНСК;Круг ст30ХГСА;120мм;;ГОСТ 2590-2006,4543-2016 3ГП;Круг;6;
7.00;316.128;34710.85;108800;108800;108800;ЧЕЛЯБИНСК;Круг Ст30ХМА;120мм;;ГОСТ 2590-2006,4543-2016, 2ГП;Круг;3.56;
2.26;823.711;76926.35;92890;92890;92890;ЧЕЛЯБИНСК;Круг ст18ХГТ;200мм;;ГОСТ 2590-2006 4543-2016 3ГП;Круг;3.34;
6.75;742.326;70810.50;94890;94890;94890;ЧЕЛЯБИНСК;Круг ст30ХГСА;200мм;;ГОСТ 2590-2006,4543-2016 2ГП;Круг;3.01;
8.64;18.059;1753.33;93090;92990;92890;ЧЕЛЯБИНСК;Круг Ст38хс;22мм;;ГОСТ 2590-2006, 4543-2016, 2ГП;Круг;6.06;
8.62;14.632;1435.25;93090;92990;92890;ЧЕЛЯБИНСК;Круг Ст38хс;20мм;;ГОСТ 2590-2006, 4543-2016, 2ГП;Круг;5.9;
10.00;1832.963;214255.05;116890;116890;116890;ЧЕЛЯБИНСК;Круг ст18ХГТ;230мм;;ГОСТ 2590-2006 4543-2016 2ГП;Круг;5.62;
5.20;1402.445;163931.80;116890;116890;116890;ЧЕЛЯБИНСК;Круг ст18ХГТ;230мм;;ГОСТ 2590-2006 4543-2016 3ГП;Круг;4.3;
3.16;944.660;122229.56;128890;128890;128890;ЧЕЛЯБИНСК;Круг Ст30ХМА;220мм;;ГОСТ 2590-2006,4543-2016, 3ГП;Круг;3.17;
7.66;1430.396;132869.48;92890;92890;92890;ЧЕЛЯБИНСК;Круг ст18ХГТ;200мм;;ГОСТ 2590-2006 4543-2016 2ГП;Круг;5.8;
8.07;983.400;102657.13;103890;103890;103890;ЧЕЛЯБИНСК;Круг Ст38хс;220мм;;ГОСТ 2590-2006, 4543-2016, 3ГП;Круг;3.3;
7.50;914.860;95502.24;103890;103890;103890;ЧЕЛЯБИНСК;Круг Ст38хс;220мм;;ГОСТ 2590-2006, 4543-2016, 2ГП;Круг;3.07;
4.51;613.250;78857.82;127890;127890;127890;ЧЕЛЯБИНСК;Круг Ст9ХС;190мм;;ГОСТ 2590-2006, 5950-2000 2ГП;Круг;2.75;
4.31;688.209;90767.92;131890;131890;131890;НОВОСИБИРСК;Круг Ст9ХС;190мм;;ГОСТ 2590-2006, 5950-2000 2ГП;Круг;3.1;
3.70;705.047;131138.80;185500;184890;184890;ЧЕЛЯБИНСК;Круг СтШХ15-В;190 мм;;ГОСТ 2590-2006 801-2022, ОГ,В1;Круг;3.18;
3.39;646.700;249432.19;385000;385000;385000;ЧЕЛЯБИНСК;Круг СтХВГ;190;;ГОСТ 2590-06,5950-2000,2ГП,Т/О;Круг;2.9;
3.75;616.000;61661.60;100100;99990;99990;НОВОСИБИРСК;Круг СтУ8А;190мм;;ГОСТ 2590-2006, 1435-99 2ГП;Круг;2.8;
3.63;631.359;117559.05;185500;184890;184890;ЧЕЛЯБИНСК;Круг СтШХ15-В;200 мм;;ГОСТ 2590-2006 801-2022, ОГ,В1;Круг;2.57;
2.96;666.900;257223.33;385000;385000;385000;ЧЕЛЯБИНСК;Круг СтХВГ;200;;ГОСТ 2590-06,5950-2000,2ГП,Т/О;Круг;2.7;
3.48;756.724;72183.93;94890;94890;94890;ЧЕЛЯБИНСК;Круг СтУ8А;200мм;;ГОСТ 2590-2006, 1435-99 2ГП;Круг;3.07;
3.67;658.800;64489.93;97890;97890;97890;НОВОСИБИРСК;Круг СтУ8А;200мм;;ГОСТ 2590-2006, 1435-99 2ГП;Круг;2.7;
5.36;653.198;83994.80;127890;127890;127890;ЧЕЛЯБИНСК;Круг Ст9ХС;200мм;;ГОСТ 2590-2006, 5950-2000 2ГП;Круг;2.65;
4.18;709.891;93627.55;131890;131890;131890;НОВОСИБИРСК;Круг Ст9ХС;200мм;;ГОСТ 2590-2006, 5950-2000 2ГП;Круг;2.88;
3.03;737.500;72193.87;97890;97890;97890;НОВОСИБИРСК;Круг СтУ8А;220мм;;ГОСТ 2590-2006, 1435-99 2ГП;Круг;2.5;
6.30;911.880;86984.23;94890;94890;94890;ЧЕЛЯБИНСК;Круг СтУ8А;220мм;;ГОСТ 2590-2006, 1435-99 2ГП;Круг;3.06;
7.51;1710.520;658550.20;385000;385000;385000;ЧЕЛЯБИНСК;Круг СтХВГ;220;;ГОСТ 2590-06,5950-2000,2ГП,Т/О;Круг;5.74;
4.78;765.860;98413.01;128000;127890;127890;ЧЕЛЯБИНСК;Круг Ст9ХС;220мм;;ГОСТ 2590-2006, 5950-2000 2ГП;Круг;2.57;
9.66;752.191;78521.22;103890;103890;103890;ЧЕЛЯБИНСК;Круг Ст38хс;200мм;;ГОСТ 2590-2006, 4543-2016, 3ГП;Круг;3.05;
4.08;778.050;100671.89;128890;128890;128890;ЧЕЛЯБИНСК;Круг Ст30ХМА;200мм;;ГОСТ 2590-2006,4543-2016, 3ГП;Круг;3.15;
0.34;1378.606;130815.90;94890;94890;94890;ЧЕЛЯБИНСК;Круг ст30ХГСА;200мм;;ГОСТ 2590-2006,4543-2016 3ГП;Круг;5.59;
5.74;14.304;1627.80;108800;108800;108800;ЧЕЛЯБИНСК;Круг Ст30ХМА;22мм;;ГОСТ 2590-2006,4543-2016, 2ГП;Круг;4.8;
6.54;14.449;1154.37;74890;74890;74890;ЧЕЛЯБИНСК;Круг ст30ХГСА;20мм;;ГОСТ 2590-2006,4543-2016 2ГП;Круг;5.85;
3.43;12.350;1405.43;108800;108800;108800;ЧЕЛЯБИНСК;Круг Ст30ХМА;20мм;;ГОСТ 2590-2006,4543-2016, 2ГП;Круг;5;
8.89;19.998;1577.64;74890;74890;74890;ЧЕЛЯБИНСК;Круг ст30ХГСА;22мм;;ГОСТ 2590-2006,4543-2016 2ГП;Круг;6;
2.27;12.100;966.67;74890;74890;74890;ЧЕЛЯБИНСК;Круг ст30ХГСА;18мм;;ГОСТ 2590-2006,4543-2016 2ГП;Круг;6.05;
2.56;11.800;1157.46;93090;92990;92890;ЧЕЛЯБИНСК;Круг Ст38хс;18мм;;ГОСТ 2590-2006, 4543-2016, 2ГП;Круг;5.9;
7.28;870.854;90908.48;103890;103890;103890;ЧЕЛЯБИНСК;Круг Ст38хс;210мм;;ГОСТ 2590-2006, 4543-2016, 3ГП;Круг;3.05;
3.16;1419.281;134675.62;94890;94890;94890;ЧЕЛЯБИНСК;Круг ст30ХГСА;210мм;;ГОСТ 2590-2006,4543-2016 3ГП;Круг;5.22;
3.65;753.440;97487.60;128890;128890;128890;ЧЕЛЯБИНСК;Круг Ст30ХМА;210мм;;ГОСТ 2590-2006,4543-2016, 2ГП;Круг;2.77;
8.31;1199.999;113867.89;94890;94890;94890;ЧЕЛЯБИНСК;Круг ст30ХГСА;210мм;;ГОСТ 2590-2006,4543-2016 2ГП;Круг;5.4;
4.01;592.987;110414.22;185500;184890;184890;ЧЕЛЯБИНСК;Круг СтШХ15-В;180 мм;;ГОСТ 2590-2006 801-2022, ОГ,В1;Круг;2.98;
5.52;1190.000;458150.00;385000;385000;385000;ЧЕЛЯБИНСК;Круг СтХВГ;180;обточка;ГОСТ 2590-06,5950-2000,2ГП,Т/О;Круг;5.95;
3.32;646.866;61833.92;94890;94890;94890;ЧЕЛЯБИНСК;Круг СтУ8А;180мм;;ГОСТ 2590-2006, 1435-99 2ГП;Круг;3.24;
3.89;633.600;62023.10;97890;97890;97890;НОВОСИБИРСК;Круг СтУ8А;180мм;;ГОСТ 2590-2006, 1435-99 2ГП;Круг;3.2;
0.91;501.121;64439.21;127890;127890;127890;ЧЕЛЯБИНСК;Круг Ст9ХС;180мм;;ГОСТ 2590-2006, 5950-2000 2ГП;Круг;2.51;
3.89;559.020;73729.15;131890;131890;131890;НОВОСИБИРСК;Круг Ст9ХС;180мм;;ГОСТ 2590-2006, 5950-2000 2ГП;Круг;2.8;
7.03;972.784;90848.30;92890;92890;92890;ЧЕЛЯБИНСК;Круг ст18ХГТ;220мм;;ГОСТ 2590-2006 4543-2016 3ГП;Круг;3.26;
8.50;972.784;90848.30;92890;92890;92890;ЧЕЛЯБИНСК;Круг ст18ХГТ;220мм;;ГОСТ 2590-2006 4543-2016 2ГП;Круг;3.26;
4.52;11.876;1106.89;93200;92890;92890;НОВОСИБИРСК;Круг СтУ8А;20мм;;ГОСТ 2590-2006, 1435-99 2ГП;Круг;4.82;
5.12;12.320;1172.86;90200;89890;89890;ЧЕЛЯБИНСК;Круг СтУ8А;20мм;;ГОСТ 2590-2006, 1435-99 2ГП;Круг;5;
2.44;12.125;4850.00;395000;395000;395000;ЧЕЛЯБИНСК;Круг СтХВГ;20;;ГОСТ 2590-06,5950-2000,2ГП,Т/О;Круг;4.85;
1.57;9.816;1820.87;180500;179890;179890;ЧЕЛЯБИНСК;Круг СтШХ15-В;20 мм;;ГОСТ 2590-2006 801-2022, ОГ,В1;Круг;4;
4.34;916.215;117632.88;127890;127890;127890;ЧЕЛЯБИНСК;Круг Ст9ХС;210мм;;ГОСТ 2590-2006, 5950-2000 2ГП;Круг;3.39;
1.99;1208.548;102593.64;84890;84890;84890;ЧЕЛЯБИНСК;Круг ст30ХГСА;180мм;;ГОСТ 2590-2006,4543-2016 2ГП;Круг;6.05;
1.73;712.640;67978.73;94890;94890;94890;ЧЕЛЯБИНСК;Круг СтУ8А;210мм;;ГОСТ 2590-2006, 1435-99 2ГП;Круг;2.62;
3.39;11.832;1434.04;121200;120890;120890;НОВОСИБИРСК;Круг Ст9ХС;20мм;;ГОСТ 2590-2006, 5950-2000 2ГП;Круг;4.8;
4.47;11.092;1355.50;117200;116890;116890;ЧЕЛЯБИНСК;Круг Ст9ХС;20мм;;ГОСТ 2590-2006, 5950-2000 2ГП;Круг;4.5;
3.68;742.440;72677.45;97890;97890;97890;НОВОСИБИРСК;Круг СтУ8А;210мм;;ГОСТ 2590-2006, 1435-99 2ГП;Круг;2.76;
3.21;923.950;121859.77;131890;131890;131890;НОВОСИБИРСК;Круг Ст9ХС;210мм;;ГОСТ 2590-2006, 5950-2000 2ГП;Круг;3.4;
3.82;764.890;98969.12;128890;128890;128890;ЧЕЛЯБИНСК;Круг Ст30ХМА;190мм;;ГОСТ 2590-2006,4543-2016, 3ГП;Круг;3.43;
15.07;1233.038;104672.58;84890;84890;84890;ЧЕЛЯБИНСК;Круг ст30ХГСА;190мм;;ГОСТ 34636-2020, 4543-2016 2ГП;Круг;5.54;
4.20;1423.368;135063.39;94890;94890;94890;ЧЕЛЯБИНСК;Круг ст30ХГСА;220мм;;ГОСТ 2590-2006,4543-2016 2ГП;Круг;4.77;
1.21;678.838;70999.72;103890;103890;103890;ЧЕЛЯБИНСК;Круг Ст38хс;190мм;;ГОСТ 2590-2006, 4543-2016, 3ГП;Круг;3.05;
3.54;916.088;87385.63;94890;94890;94890;ЧЕЛЯБИНСК;Круг ст30ХГСА;220мм;;ГОСТ 2590-2006,4543-2016 3ГП;Круг;3.07;
3.72;777.920;299888.16;385000;385000;385000;ЧЕЛЯБИНСК;Круг СтХВГ;210;;ГОСТ 2590-06,5950-2000,2ГП,Т/О;Круг;2.86;
5.32;9.700;1185.34;117200;116890;116890;ЧЕЛЯБИНСК;Круг Ст9ХС;18мм;;ГОСТ 2590-2006, 5950-2000 2ГП;Круг;4.85;
4.25;9.240;1119.89;121200;120890;120890;НОВОСИБИРСК;Круг Ст9ХС;18мм;;ГОСТ 2590-2006, 5950-2000 2ГП;Круг;4.62;
17.54;1213.006;110250.16;90890;90890;90890;ЧЕЛЯБИНСК;Круг ст18ХГТ;190мм;;ГОСТ 34636-2020,4543-2016 2ГП;Круг;5.45;
11.82;815.679;76176.26;92890;92890;92890;ЧЕЛЯБИНСК;Круг ст18ХГТ;210мм;;ГОСТ 2590-2006 4543-2016 2ГП;Круг;3;
9.08;1198.560;111573.95;93090;92990;92890;ЧЕЛЯБИНСК;Круг Ст38хс;180мм;;ГОСТ34636,2590-06,4543-16,3ГП;Круг;6;
2.71;38.465;7116.08;182000;182000;182000;ЧЕЛЯБИНСК;Труба БШ;42 *3,5;НД;ГОСТ 8732-78;Труба ЦТ;11.52;
5.13;33.200;6175.20;186000;186000;186000;НОВОСИБИРСК;Труба БШ;42 *3,5;НД;ГОСТ 8732-78;Труба ЦТ;10;
4.91;41.916;7754.44;182000;182000;182000;ЧЕЛЯБИНСК;Труба БШ;38 *4,0;НД;ГОСТ 8732-78;Труба ЦТ;12.35;
3.50;37.145;6908.97;186000;186000;186000;НОВОСИБИРСК;Труба БШ;38 *4,0;НД;ГОСТ 8732-78;Труба ЦТ;11.5;
2.41;39.575;7321.41;182000;182000;182000;ЧЕЛЯБИНСК;Труба БШ;42 *4,0;НД;ГОСТ 8732-78;Труба ЦТ;10.42;
4.63;32.333;5981.60;182000;182000;182000;ЧЕЛЯБИНСК;Труба БШ;38 *3,5;НД;ГОСТ 8732-78;Труба ЦТ;10.85;
5.12;35.760;6651.36;186000;186000;186000;НОВОСИБИРСК;Труба БШ;38 *3,5;НД;ГОСТ 8732-78;Труба ЦТ;12;
5.81;17.760;1301.81;71300;71100;71000;ОРЕНБУРГ;Труба проф;60 *40*2,0;(6м);ГОСТ 8645-68;Труба проф;6;
1.10;17.819;1306.15;69300;69100;69000;ЕКАТЕРИНБУРГ;Труба проф;60 *40*2,0;(6м);ГОСТ 8645-68;Труба проф;6.02;
1.29;40.374;3726.52;89300;89100;89000;ЧЕЛЯБИНСК;Труба проф;50 *50*5,0;(6м);ГОСТ 8639-82;Труба проф;6;
4.80;39.366;3633.48;89300;89100;89000;ЧЕЛЯБИНСК;Труба проф;50 *50*5;(6м);ГОСТ 30245;Труба проф;6;
23.17;15.954;1177.41;69800;69600;69500;ЧЕЛЯБИНСК;Труба проф;60 *30*2,0;(6м);ГОСТ 8645-68;Труба проф;6;
5.01;15.953;1169.35;69300;69100;69000;ЕКАТЕРИНБУРГ;Труба проф;60 *30*2,0;(6м);ГОСТ 8645-68;Труба проф;6.02;
5.52;15.906;1165.91;71300;71100;71000;ОРЕНБУРГ;Труба проф;60 *30*2,0;(6м);ГОСТ 8645-68;Труба проф;6;
4.88;25.992;1814.24;65800;65600;65500;ЧЕЛЯБИНСК;Труба проф;50 *50*3;(6м);ГОСТ 8639-82;Труба проф;6;
8.71;26.122;1810.25;65300;65100;65000;ЕКАТЕРИНБУРГ;Труба проф;50 *50*3;(6м);ГОСТ 8639-82;Труба проф;6.03;
8.27;25.860;1817.96;68300;68100;68000;ОРЕНБУРГ;Труба проф;50 *50*3;(6м);ГОСТ 8639-82;Труба проф;6;
22.18;33.468;2704.21;77800;77600;77500;ЧЕЛЯБИНСК;Труба проф Ст09Г2С;50 *50*4,0;(6м);ГОСТ8639;Труба проф;6;
1.89;78.720;7171.39;89300;89100;89000;ЧЕЛЯБИНСК;Труба проф;50 *50*5;(12м);ГОСТ 30245;Труба проф;12;
5.74;78.720;8116.03;101300;101100;101000;ЧЕЛЯБИНСК;Труба проф Ст09Г2С;50 *50*5,0;(12м);ГОСТ30245;Труба проф;12;
0.36;40.375;3686.26;88300;88100;88000;ЕКАТЕРИНБУРГ;Труба проф;50 *50*5,0;(6м);ГОСТ 8639-82;Труба проф;6;
10.57;33.360;2361.89;69300;69100;69000;ОРЕНБУРГ;Труба проф;50 *50*4,0;(6м);ГОСТ 8639-82;Труба проф;6;
4.92;33.468;2302.60;65800;65600;65500;ЧЕЛЯБИНСК;Труба проф;50 *50*4,0;(6м);ГОСТ 8639-82;Труба проф;6;
5.47;25.926;1809.63;65800;65600;65500;ЧЕЛЯБИНСК;Труба проф;60 *40*3,0;(6м);ГОСТ 8645;Труба проф;6;
8.69;25.929;2108.03;77300;77100;77000;ЕКАТЕРИНБУРГ;Труба проф Ст09Г2С;60*40*3,0;(6м);ГОСТ 8645-68;Труба проф;6.03;
28.07;25.968;2124.18;77800;77600;77500;ЧЕЛЯБИНСК;Труба проф Ст09Г2С;60*40*3,0;(6м);ГОСТ 8645-68;Труба проф;6;
1.71;25.929;1796.88;65300;65100;65000;ЕКАТЕРИНБУРГ;Труба проф;60 *40*3,0;(6м);ГОСТ 8645;Труба проф;6.03;
5.24;25.800;1813.74;68300;68100;68000;ОРЕНБУРГ;Труба проф;60 *40*3,0;(6м);ГОСТ 8645;Труба проф;6;
6.75;33.576;2310.03;65800;65600;65500;ЧЕЛЯБИНСК;Труба проф;60 *40*4,0;(6м);ГОСТ8645-68;Труба проф;6;
10.69;33.636;2717.79;77800;77600;77500;ЧЕЛЯБИНСК;Труба проф Ст09Г2С;60*40*4,0;(6м);ГОСТ 8645-68;Труба проф;6;
2.06;40.380;3444.41;82300;82100;82000;ЕКАТЕРИНБУРГ;Труба проф;60 *40*5,0;(6м);ГОСТ8645;Труба проф;6;
10.46;33.521;2289.47;65300;65100;65000;ЕКАТЕРИНБУРГ;Труба проф;60 *40*4,0;(6м);ГОСТ8645-68;Труба проф;6.03;
5.64;33.527;2373.70;69300;69100;69000;ОРЕНБУРГ;Труба проф;60 *40*4,0;(6м);ГОСТ8645-68;Труба проф;6.03;
2.99;22.980;1615.49;68300;68100;68000;ОРЕНБУРГ;Труба проф;60 *30*3,0;(6м);ГОСТ 8645-68;Труба проф;6;
7.83;22.974;1603.59;65800;65600;65500;ЧЕЛЯБИНСК;Труба проф;60 *30*3,0;(6м);ГОСТ 8645-68;Труба проф;6;
3.09;19.602;1427.03;68800;68600;68500;ЧЕЛЯБИНСК;Труба проф;60 *30*2,5;(6м);ГОСТ 8645-68;Труба проф;6;
0.02;22.974;1592.10;65300;65100;65000;ЕКАТЕРИНБУРГ;Труба проф;60 *30*3,0;(6м);ГОСТ 8645-68;Труба проф;6;
4.63;22.020;1825.46;78900;78600;78500;ЧЕЛЯБИНСК;Труба проф Ст09Г2С;60 *40*2,5;(6м);ГОСТ 8639;Труба проф;6;
0.02;23.094;1889.09;77800;77600;77500;ЧЕЛЯБИНСК;Труба проф Ст09Г2С;60*30*3,0;(6м);ГОСТ 8645-68;Труба проф;6;
4.87;29.724;2431.42;77800;77600;77500;ЧЕЛЯБИНСК;Труба проф Ст09Г2С;60*30*4,0;(6м);ГОСТ 8645-68;Труба проф;6;
9.94;17.813;1503.43;80400;80100;80000;ЕКАТЕРИНБУРГ;Труба проф Ст09Г2С;60 *40*2,0;(6м);ГОСТ 8645-68;Труба проф;6.02;
10.05;17.820;1512.92;80900;80600;80500;ЧЕЛЯБИНСК;Труба проф Ст09Г2С;60 *40*2,0;(6м);ГОСТ 8645-68;Труба проф;6;
3.28;10.068;793.36;73800;73600;73500;ЧЕЛЯБИНСК;Труба проф;50 *25*1,5;(6м);ГОСТ8645-68;Труба проф;6;
9.54;13.085;1117.47;80400;80100;80000;ЕКАТЕРИНБУРГ;Труба проф Ст09Г2С;50 *25*2,0;(6м);ГОСТ 8645-68;Труба проф;6.03;
12.41;13.086;1124.09;80900;80600;80500;ЧЕЛЯБИНСК;Труба проф Ст09Г2С;50 *25*2,0;(6м);ГОСТ 8645-68;Труба проф;6;
5.91;25.932;2121.24;77800;77600;77500;ЧЕЛЯБИНСК;Труба проф Ст09Г2С;40*40*4,0;(6м);ГОСТ 8639-82;Труба проф;6;
3.90;10.068;788.30;73300;73100;73000;ЕКАТЕРИНБУРГ;Труба проф;50 *25*1,5;(6м);ГОСТ8645-68;Труба проф;6.03;
6.29;13.098;979.73;69800;69600;69500;ЧЕЛЯБИНСК;Труба проф;50 *25*2,0;(6м);ГОСТ 8645-68;Труба проф;6;
4.81;16.040;1159.68;68300;68100;68000;ЕКАТЕРИНБУРГ;Труба проф;50 *25*2,5;(6м);ГОСТ 8645-68;Труба проф;6.03;
6.92;13.085;972.22;69300;69100;69000;ЕКАТЕРИНБУРГ;Труба проф;50 *25*2,0;(6м);ГОСТ 8645-68;Труба проф;6.03;
3.66;13.020;960.88;71300;71100;71000;ОРЕНБУРГ;Труба проф;50 *25*2,0;(6м);ГОСТ 8645-68;Труба проф;6;
5.52;20.160;1417.25;68300;68100;68000;ОРЕНБУРГ;Труба проф;40 *40*3,0;(6м);ГОСТ 8639-82;Труба проф;6;
5.48;14.076;1052.88;69800;69600;69500;ЧЕЛЯБИНСК;Труба проф;40 *40*2,0;(6м);ГОСТ 8639-82;Труба проф;6;
0.01;14.052;1207.07;80900;80600;80500;ЧЕЛЯБИНСК;Труба проф Ст09Г2С;40 *40*2,0;(6м);ГОСТ 8645-68;Труба проф;6;
9.18;25.800;1839.54;69300;69100;69000;ОРЕНБУРГ;Труба проф;40 *40*4,0;(6м);ГОСТ 8639;Труба проф;6;
3.75;25.890;1858.90;67800;67600;67500;ЧЕЛЯБИНСК;Труба проф;40 *40*4,0;(6м);ГОСТ 8639;Труба проф;6;
6.91;25.886;1845.67;67300;67100;67000;ЕКАТЕРИНБУРГ;Труба проф;40 *40*4,0;(6м);ГОСТ 8639;Труба проф;6.02;
0.02;17.760;1301.81;71300;71100;71000;ОРЕНБУРГ;Труба проф;50 *50*2,0;(6м);ГОСТ 8639-82;Труба проф;6;
8.75;21.948;1597.81;68800;68600;68500;ЧЕЛЯБИНСК;Труба проф;50 *50*2,5;(6м);ГОСТ 8639-82;Труба проф;6;
7.00;21.948;1819.49;78900;78600;78500;ЧЕЛЯБИНСК;Труба проф Ст09Г2С;50 *50*2,5;(6м);ГОСТ 8639;Труба проф;6;
8.12;25.992;2126.15;77800;77600;77500;ЧЕЛЯБИНСК;Труба проф Ст09Г2С;50 *50*3,0;(6м);ГОСТ 8639-82;Труба проф;6;
0.02;17.850;1317.33;69800;69600;69500;ЧЕЛЯБИНСК;Труба проф;50 *50*2,0;(6м);ГОСТ 8639-82;Труба проф;6;
3.17;18.786;1339.44;69300;69100;69000;ОРЕНБУРГ;Труба проф;50 *25*3;(6м);ГОСТ 8645-68;Труба проф;6;
5.51;18.876;1544.06;77800;77600;77500;ЧЕЛЯБИНСК;Труба проф Ст09Г2С;50 *25*3,0;(6м);ГОСТ 8645-68;Труба проф;6;
0.10;95.640;6465.26;65800;65600;65500;ЕКАТЕРИНБУРГ;Труба проф;80 *60*4,0;(12м);ГОСТ 30245-03;Труба проф;12;
0.39;96.840;6701.33;68300;68100;68000;ОРЕНБУРГ;Труба проф;80 *60*4,0;(12м);ГОСТ 30245-03;Труба проф;12;
7.94;96.840;6701.33;68300;68100;68000;ОРЕНБУРГ;Труба проф;80 *60*4,0;(12м);ГОСТ 8645 - 68;Труба проф;12;
4.18;58.080;4251.46;72300;72100;72000;ОРЕНБУРГ;Труба проф;80 *80*2;(12м);ГОСТ 8639-82;Труба проф;12;
9.11;49.800;4247.94;82300;82100;82000;ЕКАТЕРИНБУРГ;Труба проф;80 *40*5;(6м);ГОСТ 8645-68;Труба проф;6;
2.99;40.920;2856.22;68300;68100;68000;ОРЕНБУРГ;Труба проф;80 *40*4;(6м);ГОСТ 8645;Труба проф;6;
10.34;41.190;2833.87;65800;65600;65500;ЧЕЛЯБИНСК;Труба проф;80 *40*4;(6м);ГОСТ 8645;Труба проф;6;
3.83;73.739;5869.61;77800;77600;77500;ЧЕЛЯБИНСК;Труба проф Ст09Г2С;80 *60*3,0;(12м);Северсталь;Труба проф;12;
8.32;74.280;5021.33;65800;65600;65500;ЕКАТЕРИНБУРГ;Труба проф;80 *60*3,0;(12м);ГОСТ8645-68;Труба проф;12;
8.51;137.280;9637.06;69300;69100;69000;ОРЕНБУРГ;Труба проф;80 *80*5,0;(12м);ГОСТ 8639-82;Труба проф;12;
7.84;111.960;7747.63;68300;68100;68000;ОРЕНБУРГ;Труба проф;80 *80*4,0;(12м);ГОСТ 8639-82;Труба проф;12;
15.90;111.960;7624.48;66300;66100;66000;ЧЕЛЯБИНСК;Труба проф;80 *80*4,0;(12м);ГОСТ 8639-82;Труба проф;12;
4.44;158.532;11406.38;71300;71100;71000;ОРЕНБУРГ;Труба проф;80 *80*6,0;(12м);ГОСТ 30245-03;Труба проф;12;
12.41;85.572;5784.67;65800;65600;65500;ЕКАТЕРИНБУРГ;Труба проф;80 *80*3,0;(12м);ГОСТ 8639-82;Труба проф;12;
7.70;85.560;5920.75;68300;68100;68000;ОРЕНБУРГ;Труба проф;80 *80*3,0;(12м);ГОСТ 8639-82;Труба проф;12;
5.31;110.640;7656.29;68300;68100;68000;ОРЕНБУРГ;Труба проф;80 *80*4,0;(12м);ГОСТ 30245-03;Труба проф;12;
7.28;111.959;7568.41;65800;65600;65500;ЕКАТЕРИНБУРГ;Труба проф;80 *80*4,0;(12м);ГОСТ 8639-82;Труба проф;12;
14.97;85.572;5827.45;66300;66100;66000;ЧЕЛЯБИНСК;Труба проф;80 *80*3,0;(12м);ГОСТ 8639-82;Труба проф;12;
0.94;85.334;5768.56;65800;65600;65500;ЕКАТЕРИНБУРГ;Труба проф;80 *80*3,0;(12м);ГОСТ 30245-03;Труба проф;12.07;
3.22;84.840;5870.93;68300;68100;68000;ОРЕНБУРГ;Труба проф;80 *80*3,0;(12м);ГОСТ 30245-03;Труба проф;12;
0.00;85.416;5816.83;66300;66100;66000;ЧЕЛЯБИНСК;Труба проф;80 *80*3,0;(12м);ГОСТ 30245-03;Труба проф;12;
1.11;111.248;7520.40;65800;65600;65500;ЕКАТЕРИНБУРГ;Труба проф;80 *80*4,0;(12м);ГОСТ 30245-03;Труба проф;12.066;
1.93;41.056;2804.15;65300;65100;65000;ЕКАТЕРИНБУРГ;Труба проф;60 *60*4;(6м);ГОСТ 8639-82;Труба проф;6.02;
4.35;31.500;2198.70;68300;68100;68000;ОРЕНБУРГ;Труба проф;60 *60*3,0;(6м);ГОСТ 8639-82;Труба проф;6;
0.03;31.710;2181.65;65800;65600;65500;ЧЕЛЯБИНСК;Труба проф;60 *60*3,0;(6м);ГОСТ 8639-82;Труба проф;6;
12.51;31.710;2562.17;77800;77600;77500;ЧЕЛЯБИНСК;Труба проф Ст09Г2С;60 *60*3,0;(6м);ГОСТ 8639-82;Труба проф;6;
6.95;41.124;2829.33;65800;65600;65500;ЧЕЛЯБИНСК;Труба проф;60 *60*4;(6м);ГОСТ 8639-82;Труба проф;6;
0.04;41.123;3302.21;77300;77100;77000;ЕКАТЕРИНБУРГ;Труба проф Ст09Г2С;60 *60*4,0;(6м);ГОСТ 8639;Труба проф;6.03;
10.05;97.548;8711.04;87500;87300;87000;ЕКАТЕРИНБУРГ;Труба проф Ст09Г2С;60 *60*5,0;(12м);ГОСТ30245;Труба проф;12;
10.24;97.548;8808.58;88500;88300;88000;ЧЕЛЯБИНСК;Труба проф Ст09Г2С;60 *60*5,0;(12м);ГОСТ30245;Труба проф;12;
4.73;49.797;4148.09;80300;80100;80000;ЕКАТЕРИНБУРГ;Труба проф;60 *60*5;(6м);ГОСТ 8639;Труба проф;6;
8.59;40.920;2938.06;70300;70100;70000;ОРЕНБУРГ;Труба проф;60 *60*4;(6м);ГОСТ 8639-82;Труба проф;6;
0.04;21.648;1586.78;69300;69100;69000;ЕКАТЕРИНБУРГ;Труба проф;60 *60*2,0;(6м);ГОСТ8639-82;Труба проф;6.03;
0.23;21.540;1578.88;71300;71100;71000;ОРЕНБУРГ;Труба проф;60 *60*2,0;(6м);ГОСТ8639-82;Труба проф;6;
3.35;40.380;3484.79;83300;83100;83000;ЧЕЛЯБИНСК;Труба проф;60 *40*5,0;(6м);ГОСТ8645;Труба проф;6;
12.41;26.664;2210.45;78900;78600;78500;ЧЕЛЯБИНСК;Труба проф Ст09Г2С;60 *60*2,5;(6м);ГОСТ 8639;Труба проф;6;
5.55;21.643;1826.66;80400;80100;80000;ЕКАТЕРИНБУРГ;Труба проф Ст09Г2С;80 *40*2,0;(6м);ГОСТ 8645-68;Труба проф;6.03;
4.27;21.684;1840.97;80900;80600;80500;ЧЕЛЯБИНСК;Труба проф Ст09Г2С;80 *40*2,0;(6м);ГОСТ 8645-68;Труба проф;6;
2.53;31.710;2562.17;77800;77600;77500;ЧЕЛЯБИНСК;Труба проф Ст09Г2С;80*40*3,0;(6м);ГОСТ 8645-68;Труба проф;6;
2.05;21.540;1578.88;71300;71100;71000;ОРЕНБУРГ;Труба проф;80 *40*2;(6м);ГОСТ8645-68;Труба проф;6;
2.61;21.684;1600.28;69800;69600;69500;ЧЕЛЯБИНСК;Труба проф;80 *40*2;(6м);ГОСТ8645-68;Труба проф;6;
5.28;31.710;2181.65;65800;65600;65500;ЧЕЛЯБИНСК;Труба проф;80 *40*3;(6м);ГОСТ 8645-68;Труба проф;6;
5.73;40.926;2795.25;65300;65100;65000;ЕКАТЕРИНБУРГ;Труба проф;80 *40*4;(6м);ГОСТ 8645;Труба проф;6;
0.79;31.657;2162.21;65300;65100;65000;ЕКАТЕРИНБУРГ;Труба проф;80 *40*3;(6м);ГОСТ 8645-68;Труба проф;6.03;
3.46;31.506;2199.12;68300;68100;68000;ОРЕНБУРГ;Труба проф;80 *40*3;(6м);ГОСТ 8645-68;Труба проф;6;
2.97;58.141;5238.47;88300;88100;88000;ЕКАТЕРИНБУРГ;Труба проф;60 *60*6,0;(6м);ГОСТ 8639-82;Труба проф;6;
7.15;58.140;5296.55;89300;89100;89000;ЧЕЛЯБИНСК;Труба проф;60 *60*6,0;(6м);ГОСТ 8639-82;Труба проф;6;
7.79;21.642;1586.34;69300;69100;69000;ЕКАТЕРИНБУРГ;Труба проф;80 *40*2;(6м);ГОСТ8645-68;Труба проф;6.03;
8.56;111.252;8966.91;78800;78600;78500;ЧЕЛЯБИНСК;Труба проф ст09Г2С;80 *80*4,0;(12м);ГОСТ 30245-03;Труба проф;12;
0.05;26.713;1931.34;68300;68100;68000;ЕКАТЕРИНБУРГ;Труба проф;80 *40*2,5;(6м);ГОСТ8645-68;Труба проф;6.03;
0.41;135.864;10950.64;78800;78600;78500;ЧЕЛЯБИНСК;Труба проф ст09Г2С;80 *80*5,0;(12м);ГОСТ 30245-03;Труба проф;12;
9.45;201.125;14501.10;70800;70600;70500;ЕКАТЕРИНБУРГ;Труба проф;140 *140*4,0;(12 м);ГОСТ 30245-03;Труба проф;12;
20.96;272.250;23849.10;86300;86100;86000;ЕКАТЕРИНБУРГ;Труба проф ст09Г2С;140 *120*6,0;(12 м);ГОСТ 30245-03;Труба проф;12;
19.09;230.000;20148.04;86300;86100;86000;ЕКАТЕРИНБУРГ;Труба проф ст09Г2С;140 *120*5,0;(12 м);ГОСТ 30245-03 Северсталь;Труба проф;12;
9.43;248.256;17899.26;70800;70600;70500;ЕКАТЕРИНБУРГ;Труба проф;140 *140*5,0;(12 м);ГОСТ 30245-03;Труба проф;12;
14.88;201.132;14803.32;72300;72100;72000;ЧЕЛЯБИНСК;Труба проф;140 *140*4,0;(12 м);ГОСТ 30245-03;Труба проф;12;
0.20;201.120;14671.70;72300;72100;72000;ОРЕНБУРГ;Труба проф;140 *140*4,0;(12 м);ГОСТ 30245-03;Труба проф;12;
7.47;249.000;18699.90;73800;73600;73500;ЧЕЛЯБИНСК;Труба проф;140 *100*6,0;(12 м);ГОСТ 30245-03;Труба проф;12;
8.21;210.600;15816.06;73800;73600;73500;ЧЕЛЯБИНСК;Труба проф;140 *100*5,0;(12 м);ГОСТ 30245-03;Труба проф;12;
7.07;186.000;14991.60;79300;79100;79000;ЕКАТЕРИНБУРГ;Труба проф;140 *120*4,0;(12 м);ГОСТ 30245-03;Труба проф;12;
12.95;249.000;19944.90;78800;78600;78500;ЧЕЛЯБИНСК;Труба проф ст09Г2С;140 *100*6,0;(12 м);ГОСТ 30245-03;Труба проф;12;
13.68;171.000;13697.10;78800;78600;78500;ЧЕЛЯБИНСК;Труба проф ст09Г2С;140 *100*4,0;(12 м);ГОСТ 30245-03;Труба проф;12;
9.05;377.172;28023.88;73300;73100;73000;ЕКАТЕРИНБУРГ;Труба проф;140 *140*8,0;(12 м);ГОСТ 30245-03;Труба проф;12;
10.38;335.004;25393.30;74800;74600;74500;ЧЕЛЯБИНСК;Труба проф;140 *140*7,0;(12 м);ГОСТ 30245-03;Труба проф;12;
9.34;172.920;13418.59;76300;76100;76000;ЕКАТЕРИНБУРГ;Труба проф;140 *60*5,0;(12 м);ГОСТ 30245-03;Труба проф;12;
5.06;140.760;11204.50;77800;77600;77500;ЧЕЛЯБИНСК;Труба проф;140 *60*4,0;(12 м);ГОСТ 30245-03;Труба проф;12;
9.85;140.760;10993.36;76300;76100;76000;ЕКАТЕРИНБУРГ;Труба проф;140 *60*4,0;(12 м);ГОСТ 30245-03;Труба проф;12;
11.18;107.520;8558.59;77800;77600;77500;ЧЕЛЯБИНСК;Труба проф;140 *60*3,0;(12 м);ГОСТ 30245-03;Труба проф;12;
10.21;107.520;8397.31;76300;76100;76000;ЕКАТЕРИНБУРГ;Труба проф;140 *60*3,0;(12 м);ГОСТ 30245-03;Труба проф;12;
11.92;248.304;18275.17;72300;72100;72000;ЧЕЛЯБИНСК;Труба проф;140 *140*5,0;(12 м);ГОСТ 30245-03;Труба проф;12;
3.72;248.280;18112.03;72300;72100;72000;ОРЕНБУРГ;Труба проф;140 *140*5,0;(12 м);ГОСТ 30245-03;Труба проф;12;
10.05;335.004;24890.80;73300;73100;73000;ЕКАТЕРИНБУРГ;Труба проф;140 *140*7,0;(12 м);ГОСТ 30245-03;Труба проф;12;
14.12;294.250;21656.77;72300;72100;72000;ЧЕЛЯБИНСК;Труба проф;140 *140*6,0;(12 м);ГОСТ 30245-03;Труба проф;12;
6.77;294.240;21464.81;72300;72100;72000;ОРЕНБУРГ;Труба проф;140 *140*6,0;(12 м);ГОСТ 30245-03;Труба проф;12;
15.30;294.252;21215.57;70800;70600;70500;ЕКАТЕРИНБУРГ;Труба проф;140 *140*6,0;(12 м);ГОСТ 30245-03;Труба проф;12;
13.64;142.104;10245.70;70300;70100;70000;ЧЕЛЯБИНСК;Труба проф;120 *80*4,0;(12м);ГОСТ 8645;Труба проф;12;
4.54;142.080;10400.26;72300;72100;72000;ОРЕНБУРГ;Труба проф;120 *80*4,0;(12м);ГОСТ 8645;Труба проф;12;
16.79;174.936;12437.95;69800;69600;69500;ЕКАТЕРИНБУРГ;Труба проф;120 *80*5,0;(12 м);ГОСТ8645;Труба проф;12;
6.25;107.796;7772.09;70300;70100;70000;ЧЕЛЯБИНСК;Труба проф;120 *80*3,0;(12м+нд);Северсталь;Труба проф;12;
2.35;181.200;15329.52;83300;83100;83000;ЧЕЛЯБИНСК;Труба проф;120 *60*6,0;(12м);ГОСТ30245;Труба проф;12;
0.54;181.200;15148.32;82300;82100;82000;ЕКАТЕРИНБУРГ;Труба проф;120 *60*6,0;(12м);ГОСТ30245;Труба проф;12;
0.46;154.092;11032.99;70300;70100;70000;ЧЕЛЯБИНСК;Труба проф;120 *60*5,0;(12м);ГОСТ30245;Труба проф;12;
6.33;140.760;10078.42;69800;69600;69500;ЕКАТЕРИНБУРГ;Труба проф;120 *80*4,0;(12м);ГОСТ 30245;Труба проф;12;
6.28;108.252;7804.97;70300;70100;70000;ЧЕЛЯБИНСК;Труба проф;120 *80*3,0;(12 м);ГОСТ 8645;Труба проф;12;
7.92;377.167;31040.86;81300;81100;81000;ЕКАТЕРИНБУРГ;Труба проф ст09Г2С;140 *140*8,0;(12 м);ГОСТ 30245-03;Труба проф;12;
0.67;334.920;27563.92;81300;81100;81000;ЕКАТЕРИНБУРГ;Труба проф ст09Г2С;140 *140*7,0;(12 м);ГОСТ 30245-03;Труба проф;12;
9.17;203.777;18156.51;87800;87600;87500;ЧЕЛЯБИНСК;Труба проф ст09Г2С;140 *60*6,0;(12м);ГОСТ 30245-94;Труба проф;12;
9.68;172.933;15408.35;87800;87600;87500;ЧЕЛЯБИНСК;Труба проф ст09Г2С;140 *60*5,0;(12м);ГОСТ 30245-94;Труба проф;12;
12.95;294.252;24158.09;80800;80600;80500;ЧЕЛЯБИНСК;Труба проф ст09Г2С;140 *140*6,0;(12 м);ГОСТ 30245-03;Труба проф;12;
10.11;210.600;15500.16;72300;72100;72000;ЕКАТЕРИНБУРГ;Труба проф;140 *100*5,0;(12 м);ГОСТ 30245-03;Труба проф;12;
6.16;171.000;12842.10;73800;73600;73500;ЧЕЛЯБИНСК;Труба проф;140 *100*4,0;(12 м);ГОСТ 30245-03;Труба проф;12;
10.09;171.000;12585.60;72300;72100;72000;ЕКАТЕРИНБУРГ;Труба проф;140 *100*4,0;(12 м);ГОСТ 30245-03;Труба проф;12;
0.75;377.166;31606.51;82800;82600;82500;ЧЕЛЯБИНСК;Труба проф ст09Г2С;140 *140*8,0;(12 м);ГОСТ 30245-03;Труба проф;12;
0.81;203.760;14589.22;70300;70100;70000;ЧЕЛЯБИНСК;Труба проф;120 *80*6,0;(12м);ГОСТ 30245;Труба проф;12;
13.99;174.936;12525.42;70300;70100;70000;ЧЕЛЯБИНСК;Труба проф;120 *80*5,0;(12 м);ГОСТ8645;Труба проф;12;
15.89;294.336;23723.48;79300;79100;79000;ЕКАТЕРИНБУРГ;Труба проф ст09Г2С;140 *140*6,0;(12 м);ГОСТ 30245-03;Труба проф;12;
13.65;248.250;20381.32;80800;80600;80500;ЧЕЛЯБИНСК;Труба проф  ст09Г2С;140 *140*5,0;(12 м);ГОСТ 30245-03;Труба проф;12;
10.26;201.125;16512.35;80800;80600;80500;ЧЕЛЯБИНСК;Труба проф ст09Г2С;140 *140*4,0;(12 м);ГОСТ 30245-03;Труба проф;12;
11.16;186.000;14805.60;78300;78100;78000;ЕКАТЕРИНБУРГ;Труба проф;160 *100*4,0;(12м);ГОСТ 30245-03;Труба проф;12;
11.81;437.556;37979.86;85800;85600;85500;ЧЕЛЯБИНСК;Труба проф ст09Г2С;160 *160*8,0;(12 м);ГОСТ 30245-03;Труба проф;12;
8.65;201.100;14599.83;71300;71100;71000;ЕКАТЕРИНБУРГ;Труба проф;160 *120*4,0;(12м);ГОСТ 30245-03;Труба проф;12;
3.82;347.004;27517.42;78300;78100;78000;ЕКАТЕРИНБУРГ;Труба проф;160 *100*8,0;(12м);ГОСТ 30245-03;Труба проф;12;
8.96;271.536;21614.27;78300;78100;78000;ЕКАТЕРИНБУРГ;Труба проф;160 *100*6,0;(12м);ГОСТ 30245-03;Труба проф;12;
10.74;3.648;298.41;76800;76600;76500;ЧЕЛЯБИНСК;Труба проф;15 *15*1,5;(6м);ГОСТ 8639-82;Труба проф;6;
13.96;387.672;33068.42;84300;84100;84000;ЕКАТЕРИНБУРГ;Труба проф ст09Г2С;160 *160*7,0;(12);ГОСТ 30245-03;Труба проф;12;
3.06;339.504;28789.94;83800;83600;83500;ЧЕЛЯБИНСК;Труба проф ст09Г2С;160 *160*6,0;(12 м);ГОСТ 30245-03;Труба проф;12;
12.22;339.444;28275.69;82300;82100;82000;ЕКАТЕРИНБУРГ;Труба проф ст09Г2С;160 *160*6,0;(12 м);ГОСТ 30245-03;Труба проф;12;
11.72;285.996;24338.26;83800;83600;83500;ЧЕЛЯБИНСК;Труба проф ст09Г2С;160 *160*5,0;(12 м);ГОСТ 30245-03;Труба проф;12;
9.94;231.250;19679.34;83800;83600;83500;ЧЕЛЯБИНСК;Труба проф ст09Г2С;160 *160*4,0;(12 м);ГОСТ 30245-03;Труба проф;12;
10.18;407.444;33532.67;81300;81100;81000;ЕКАТЕРИНБУРГ;Труба проф;160 *140*8,0;(12 м);ГОСТ 30245-03;Труба проф;12;
14.73;267.816;22523.33;82800;82600;82500;ЧЕЛЯБИНСК;Труба проф;160 *140*5,0;(12 м);ГОСТ 30245-03;Труба проф;12;
9.48;231.252;17251.40;73300;73100;73000;ЕКАТЕРИНБУРГ;Труба проф;160 *160*4,0;(12 м);ГОСТ 30245-94;Труба проф;12;
9.43;248.256;18395.77;72800;72600;72500;ЧЕЛЯБИНСК;Труба проф;160 *120*5,0;(12 м);ГОСТ 30245-94;Труба проф;12;
4.42;201.084;14900.32;72800;72600;72500;ЧЕЛЯБИНСК;Труба проф;160 *120*4,0;(12м);ГОСТ 30245-03;Труба проф;12;
5.59;294.288;21806.74;72800;72600;72500;ЧЕЛЯБИНСК;Труба проф;160 *120*6,0;(12 м);ГОСТ 30245-03;Труба проф;12;
10.00;294.252;21362.70;71300;71100;71000;ЕКАТЕРИНБУРГ;Труба проф;160 *120*6,0;(12 м);ГОСТ 30245-03;Труба проф;12;
7.70;248.300;21130.36;83800;83600;83500;ЧЕЛЯБИНСК;Труба проф ст09Г2С;160 *120*5,0;(12 м);ГОСТ 30245-03;Труба проф;12;
12.75;260.300;20459.61;77300;77100;77000;ЕКАТЕРИНБУРГ;Труба проф;150*100*6,0;(12м);ГОСТ 30245-03;Труба проф;12;
8.58;219.950;17288.10;77300;77100;77000;ЕКАТЕРИНБУРГ;Труба проф;150*100*5,0;(12м);ГОСТ30245-03;Труба проф;12;
0.30;303.374;24209.28;78800;78600;78500;ЧЕЛЯБИНСК;Труба проф;150*100*7,0;(12м);ГОСТ 30245-03;Труба проф;12;
12.49;260.250;21756.90;82300;82100;82000;ЕКАТЕРИНБУРГ;Труба проф ст09Г2С;150 *100*6,0;(12 м);ГОСТ 30245-03;Труба проф;12;
9.64;229.452;18883.90;81000;80700;80500;ЧЕЛЯБИНСК;Труба проф;140 *60*7,0;(12 м);ГОСТ 30245-03;Труба проф;12;
7.33;203.750;16116.66;77800;77600;77500;ЧЕЛЯБИНСК;Труба проф;140 *60*6,0;(12 м);ГОСТ 30245-03;Труба проф;12;
10.19;203.750;15811.03;76300;76100;76000;ЕКАТЕРИНБУРГ;Труба проф;140 *60*6,0;(12 м);ГОСТ 30245-03;Труба проф;12;
16.95;172.920;13677.97;77800;77600;77500;ЧЕЛЯБИНСК;Труба проф;140 *60*5,0;(12 м);ГОСТ 30245-03;Труба проф;12;
7.48;219.950;18717.78;83800;83600;83500;ЧЕЛЯБИНСК;Труба проф ст09Г2С;150 *100*5,0;(12 м);ГОСТ 30245-03;Труба проф;12;
19.69;317.584;23596.46;73300;73100;73000;ЕКАТЕРИНБУРГ;Труба проф;150 *150*6,0;(12 м);ГОСТ 30245-03;Труба проф;12;
11.72;316.812;24014.35;74800;74600;74500;ЧЕЛЯБИНСК;Труба проф;150 *150*6,0;(12 м);ГОСТ 30245-03;Труба проф;12;
8.82;3.630;307.82;82300;82100;82000;ОРЕНБУРГ;Труба проф;15 *15*1,5;(6м);ГОСТ 8639-82;Труба проф;6;
11.62;3.654;297.09;76300;76100;76000;ЕКАТЕРИНБУРГ;Труба проф;15 *15*1,5;(6м);ГОСТ 8639-82;Труба проф;6.04;
19.60;408.444;31572.72;76300;76100;76000;ЕКАТЕРИНБУРГ;Труба проф;150*150*8,0;(12м);ГОСТ30245-03 Северсталь;Труба проф;12;
10.59;407.448;32106.90;77800;77600;77500;ЧЕЛЯБИНСК;Труба проф;150*150*8,0;(12м);ГОСТ30245-03;Труба проф;12;
15.17;216.672;16163.73;73300;73100;73000;ЕКАТЕРИНБУРГ;Труба проф;150 *150*4,0;(12 м);ГОСТ 30245-03Северсталь;Труба проф;12;
6.92;216.120;16446.73;74800;74600;74500;ЧЕЛЯБИНСК;Труба проф;150 *150*4,0;(12 м);ГОСТ 30245-03;Труба проф;12;
17.14;267.804;19978.18;73300;73100;73000;ЕКАТЕРИНБУРГ;Труба проф;150 *150*5,0;(12 м);ГОСТ 30245-03Северсталь;Труба проф;12;
3.21;267.120;20327.83;74800;74600;74500;ЧЕЛЯБИНСК;Труба проф;150 *150*5,0;12м;ГОСТ 30245-03;Труба проф;12;
11.21;203.784;14254.69;69300;69100;69000;ОРЕНБУРГ;Труба проф;100 *100*6,0;(12м);ГОСТ 30245-03;Труба проф;12;
8.56;203.760;13876.06;66800;66600;66500;ЕКАТЕРИНБУРГ;Труба проф;100 *100*6,0;(12м);ГОСТ 30245-03;Труба проф;12;
12.06;256.668;19147.43;73300;73100;73000;ЕКАТЕРИНБУРГ;Труба проф;100 *100*8,0;(12 м);ГОСТ 30245-03;Труба проф;12;
9.66;230.004;17503.30;74800;74600;74500;ЧЕЛЯБИНСК;Труба проф;100 *100*7,0;(12 м);ГОСТ 30245-03Северсталь;Труба проф;12;
0.23;229.450;17461.11;74800;74600;74500;ЧЕЛЯБИНСК;Труба проф;100 *100*7,0;(12 м);ГОСТ 30245-03;Труба проф;12;
1.15;229.440;17311.25;74800;74600;74500;ОРЕНБУРГ;Труба проф;100 *100*7,0;(12 м);ГОСТ 30245-03;Труба проф;12;
10.10;229.500;17120.70;73300;73100;73000;ЕКАТЕРИНБУРГ;Труба проф;100 *100*7,0;(12 м);ГОСТ 30245-03;Труба проф;12;
5.50;203.760;13977.94;67300;67100;67000;ЧЕЛЯБИНСК;Труба проф;100 *100*6,0;(12м);ГОСТ 30245-03;Труба проф;12;
9.50;104.400;7224.48;68300;68100;68000;ОРЕНБУРГ;Труба проф;100 *50*4,0;(12м);ГОСТ 8645-82;Труба проф;12;
6.26;127.800;9354.96;72300;72100;72000;ОРЕНБУРГ;Труба проф;100 *50*5,0;(12м);ГОСТ 8645-82;Труба проф;12;
5.19;79.920;5530.46;68300;68100;68000;ОРЕНБУРГ;Труба проф;100 *50*3,0;(12м);ГОСТ 8645-82;Труба проф;12;
12.95;79.908;5401.78;65800;65600;65500;ЕКАТЕРИНБУРГ;Труба проф;100 *50*3,0;(12м);ГОСТ 8645-82;Труба проф;12;
12.71;79.920;5442.55;66300;66100;66000;ЧЕЛЯБИНСК;Труба проф;100 *50*3,0;(12м);ГОСТ 8645-82;Труба проф;12;
12.45;108.240;7490.21;68300;68100;68000;ОРЕНБУРГ;Труба проф;100 *100*3,0;(12 м);ГОСТ 8639-82;Труба проф;12;
11.32;107.964;7352.35;66300;66100;66000;ЧЕЛЯБИНСК;Труба проф;100 *100*3,0;(12 м);ГОСТ 30245-03;Труба проф;12;
34.96;108.252;7371.96;66300;66100;66000;ЧЕЛЯБИНСК;Труба проф;100 *100*3,0;(12 м);ГОСТ 8639-82;Труба проф;12;
10.06;173.440;13458.94;76300;76100;76000;ЕКАТЕРИНБУРГ;Труба проф ст09Г2С;100 *100*5,0;(12 м);ГОСТ 30245-03;Труба проф;12.035;
15.64;141.276;11245.57;77800;77600;77500;ЧЕЛЯБИНСК;Труба проф ст09Г2С;100 *100*4,0;(12 м);ГОСТ 30245-03;Труба проф;12;
10.58;141.485;11049.95;76300;76100;76000;ЕКАТЕРИНБУРГ;Труба проф ст09Г2С;100 *100*4,0;(12 м);ГОСТ 30245-03;Труба проф;12.031;
1.55;141.110;11232.39;77800;77600;77500;ЧЕЛЯБИНСК;Труба проф ст09Г2С;100 *100*4,0;(12 м);ГОСТ 30245-94 Северсталь;Труба проф;12;
5.26;107.980;7472.22;68300;68100;68000;ОРЕНБУРГ;Труба проф;100 *100*3,0;(12 м);ГОСТ 30245-03;Труба проф;12.05;
20.47;174.936;11825.67;66300;66100;66000;ЧЕЛЯБИНСК;Труба проф;100 *100*5,0;(12м);ГОСТ 8639-82;Труба проф;12;
4.55;174.960;12063.49;68300;68100;68000;ОРЕНБУРГ;Труба проф;100 *100*5,0;(12м);ГОСТ 8639-82;Труба проф;12;
16.79;174.936;11738.21;65800;65600;65500;ЕКАТЕРИНБУРГ;Труба проф;100 *100*5,0;(12м);ГОСТ 8639-82;Труба проф;12;
1.56;173.480;11727.28;66300;66100;66000;ЧЕЛЯБИНСК;Труба проф;100 *100*5,0;(12м);ГОСТ 30245-03;Труба проф;12;
11.72;141.276;9550.24;65800;65600;65500;ЕКАТЕРИНБУРГ;Труба проф;100 *100*4,0;(12м);ГОСТ30245-03;Труба проф;12.045;
24.58;142.104;9677.28;66300;66100;66000;ЧЕЛЯБИНСК;Труба проф;100 *100*4,0;(12м);ГОСТ 8639-82;Труба проф;12;
2.56;142.080;9831.94;68300;68100;68000;ОРЕНБУРГ;Труба проф;100 *100*4,0;(12м);ГОСТ 8639-82;Труба проф;12;
13.51;140.760;9740.59;68300;68100;68000;ОРЕНБУРГ;Труба проф;100 *100*4,0;(12м);ГОСТ30245-03;Труба проф;12;
4.48;249.000;17168.55;68300;68100;68000;ОРЕНБУРГ;Труба проф;120 *120*6,0;(12 м);ГОСТ 30245-03;Труба проф;12;
9.21;249.000;16707.90;65800;65600;65500;ЕКАТЕРИНБУРГ;Труба проф;120 *120*6,0;(12 м);ГОСТ 30245-03;Труба проф;12;
5.36;282.250;21479.19;74800;74600;74500;ЧЕЛЯБИНСК;Труба проф;120 *120*7,0;(12 м);ГОСТ 30245-03;Труба проф;12;
10.16;282.252;21056.00;73300;73100;73000;ЕКАТЕРИНБУРГ;Труба проф;120 *120*7,0;(12 м);ГОСТ 30245-03;Труба проф;12;
1.06;211.477;14581.37;68300;68100;68000;ОРЕНБУРГ;Труба проф;120 *120*5,0;(12 м);ГОСТ 30245;Труба проф;12.05;
20.11;211.653;14201.92;65800;65600;65500;ЕКАТЕРИНБУРГ;Труба проф;120 *120*5,0;(12 м);ГОСТ 30245;Труба проф;12.06;
9.90;210.600;14520.87;68300;68100;68000;ОРЕНБУРГ;Труба проф;120 *120*5,0;(12 м);ГОСТ 8639-82;Труба проф;12;
20.48;211.656;14307.95;66300;66100;66000;ЧЕЛЯБИНСК;Труба проф;120 *120*5,0;(12 м);ГОСТ 30245;Труба проф;12;
0.88;125.772;9068.16;70300;70100;70000;ЧЕЛЯБИНСК;Труба проф;120 *60*4,0;(12м);ГОСТ 30245;Труба проф;12;
8.64;127.092;9303.13;72300;72100;72000;ОРЕНБУРГ;Труба проф;120 *60*4,0;(12 м);ГОСТ 8645-68;Труба проф;12;
11.09;316.932;24023.45;74800;74600;74500;ЧЕЛЯБИНСК;Труба проф;120 *120*8,0;(12м);ГОСТ 30245-03;Труба проф;12;
9.51;316.932;23548.05;73300;73100;73000;ЕКАТЕРИНБУРГ;Труба проф;120 *120*8,0;(12м);ГОСТ 30245-03;Труба проф;12;
0.11;110.652;7978.01;70300;70100;70000;ЧЕЛЯБИНСК;Труба проф;100 *60*4,0;(12м);ГОСТ 30245;Труба проф;12;
7.41;110.652;7922.68;69800;69600;69500;ЕКАТЕРИНБУРГ;Труба проф;100 *60*4,0;(12м);ГОСТ 30245;Труба проф;12;
10.26;171.000;13611.60;78300;78100;78000;ЕКАТЕРИНБУРГ;Труба проф ст09Г2С;120 *120*4,0;(12 м);ГОСТ 30245-03;Труба проф;12;
7.63;84.828;6073.68;69800;69600;69500;ЕКАТЕРИНБУРГ;Труба проф;100 *60*3,0;(12м);ГОСТ 30245;Труба проф;12;
0.86;85.920;6194.83;70300;70100;70000;ЧЕЛЯБИНСК;Труба проф;100 *60*3,0;(12м+нд);Северсталь;Труба проф;12;
20.74;171.850;11531.15;65800;65600;65500;ЕКАТЕРИНБУРГ;Труба проф;120 *120*4,0;(12 м);ГОСТ 30245-03;Труба проф;12.06;
14.22;171.696;11606.65;66300;66100;66000;ЧЕЛЯБИНСК;Труба проф;120 *120*4,0;(12 м);ГОСТ 30245-03;Труба проф;12;
15.22;171.000;11790.45;68300;68100;68000;ОРЕНБУРГ;Труба проф;120 *120*4,0;(12 м);ГОСТ 30245-03;Труба проф;12;
11.20;249.000;20193.90;79800;79600;79500;ЧЕЛЯБИНСК;Труба проф ст09Г2С;120 *120*6,0;(12м);ГОСТ 30245-03;Труба проф;12;
18.13;211.500;17152.65;79800;79600;79500;ЧЕЛЯБИНСК;Труба проф ст09Г2С;120 *120*5,0;(12м);ГОСТ 30245-03;Труба проф;12;
0.69;171.440;13903.82;79800;79600;79500;ЧЕЛЯБИНСК;Труба проф ст09Г2С;120 *120*4,0;(12 м);ГОСТ 30245-03Северсталь;Труба проф;12;
10.81;171.552;13912.87;79800;79600;79500;ЧЕЛЯБИНСК;Труба проф ст09Г2С;120 *120*4,0;(12 м);ГОСТ 30245-03;Труба проф;12;
20.97;317.750;26150.86;81300;81100;81000;ЕКАТЕРИНБУРГ;Труба проф ст09Г2С;120 *120*8,0;(12м);ГОСТ 30245-03Северсталь;Труба проф;12;
14.49;659.002;64911.74;97800;97600;97500;ЧЕЛЯБИНСК;Труба проф ст09Г2С;300 *300*6,0;(12 м);ГОСТ 30245-03;Труба проф;12.05;
0.66;657.000;60772.50;91800;91600;91500;ЧЕЛЯБИНСК;Труба проф;300 *300*6,0;(12 м);ГОСТ 30245-03 Северсталь;Труба проф;12;
11.83;657.504;59832.86;90300;90100;90000;ЕКАТЕРИНБУРГ;Труба проф;300 *300*6,0;(12 м);ГОСТ 30245-03 Северсталь;Труба проф;12;
7.48;1247.256;118239.87;94800;94600;94500;ЧЕЛЯБИНСК;Труба проф;300 *300*12,0;(12 м);ГОСТ 30245-03 Северсталь;Труба проф;12;
13.64;6.512;526.20;75800;75600;75500;ЧЕЛЯБИНСК;Труба проф;30 *20*1,5;(6м);ГОСТ 8645-68;Труба проф;6;
6.07;6.512;539.23;80300;80100;80000;ОРЕНБУРГ;Труба проф;30 *20*1,5;(6м);ГОСТ 8645-68;Труба проф;6.03;
18.71;1247.250;123851.92;99300;99100;99000;ЕКАТЕРИНБУРГ;Труба проф ст09Г2С;300 *300*12,0;(12 м);ГОСТ 30245-03;Труба проф;12;
1.06;1065.003;107352.31;100800;100600;100500;ЧЕЛЯБИНСК;Труба проф ст09Г2С;300 *300*10,0;(12 м);ГОСТ 30245-03;Труба проф;12.05;
10.34;862.004;84734.97;97800;97600;97500;ЧЕЛЯБИНСК;Труба проф ст09Г2С;300 *300*8,0;(12 м);ГОСТ 30245-03;Труба проф;12.04;
10.35;8.388;627.42;69800;69600;69500;ЧЕЛЯБИНСК;Труба проф;25 *25*2,0;(6м);ГОСТ 8639-82;Труба проф;6;
11.69;1062.996;100772.02;94800;94600;94500;ЧЕЛЯБИНСК;Труба проф;300 *300*10,0;(12 м);ГОСТ 30245-03 Северсталь;Труба проф;12;
9.24;710.568;69848.83;97800;97600;97500;ЧЕЛЯБИНСК;Труба проф ст09Г2С;300 *200*8,0;(12 м);ГОСТ 30245-03;Труба проф;12;
3.81;544.224;53606.06;97800;97600;97500;ЧЕЛЯБИНСК;Труба проф ст09Г2С;300 *200*6,0;(12 м);ГОСТ 30245-03;Труба проф;12;
14.69;544.224;52789.73;96300;96100;96000;ЕКАТЕРИНБУРГ;Труба проф ст09Г2С;300 *200*6,0;(12 м);ГОСТ 30245-03;Труба проф;12;
3.50;874.164;88552.81;100800;100600;100500;ЧЕЛЯБИНСК;Труба проф ст09Г2С;300 *200*10,0;(12 м);ГОСТ 30245-03;Труба проф;12;
13.60;544.224;49524.38;90300;90100;90000;ЕКАТЕРИНБУРГ;Труба проф;300 *200*6,0;(12 м);ГОСТ 30245-03Северсталь;Труба проф;12;
4.37;874.164;83307.83;94800;94600;94500;ЧЕЛЯБИНСК;Труба проф;300 *200*10,0;(12 м);ГОСТ 30245-03 Северсталь;Труба проф;12;
4.57;10.200;773.16;73300;73100;73000;ОРЕНБУРГ;Труба проф;30 *30*2,0;(6м);ГОСТ 8639-82;Труба проф;6;
0.33;10.200;757.86;69300;69100;69000;ЕКАТЕРИНБУРГ;Труба проф;30 *30*2,0;(6м);ГОСТ 8639-82;Труба проф;6;
4.20;7.896;638.00;75800;75600;75500;ЧЕЛЯБИНСК;Труба проф;30 *30*1,5;(6м);ГОСТ 8639-82;Труба проф;6;
4.29;10.248;766.55;69800;69600;69500;ЧЕЛЯБИНСК;Труба проф;30 *30*2,0;(6м);ГОСТ 8639-82;Труба проф;6;
6.81;8.400;628.32;69800;69600;69500;ЧЕЛЯБИНСК;Труба проф;30 *20*2;(6м);ГОСТ8645-68;Труба проф;6;
5.11;8.382;635.36;73300;73100;73000;ОРЕНБУРГ;Труба проф;30 *20*2;(6м);ГОСТ8645-68;Труба проф;6;
4.69;8.382;622.76;69300;69100;69000;ЕКАТЕРИНБУРГ;Труба проф;30 *20*2;(6м);ГОСТ8645-68;Труба проф;6.03;
6.60;7.860;650.81;80300;80100;80000;ОРЕНБУРГ;Труба проф;30 *30*1,5;(6м);ГОСТ 8639-82;Труба проф;6;
10.05;558.112;49671.93;88300;88100;88000;ЕКАТЕРИНБУРГ;Труба проф;240 *160*8,0;(12 м);ГОСТ 30245-03;Труба проф;12;
13.40;362.256;32892.84;89800;89600;89500;ЧЕЛЯБИНСК;Труба проф;240 *160*5,0;(12 м);ГОСТ 30245-03 СеверСталь;Труба проф;12;
12.33;685.164;64062.83;92800;92600;92500;ЧЕЛЯБИНСК;Труба проф;240 *160*10,0;(12 м);ГОСТ 30245-03 СеверСталь;Труба проф;12;
12.30;683.556;62887.15;91300;91100;91000;ЕКАТЕРИНБУРГ;Труба проф;240 *160*10,0;(12 м);ГОСТ 30245-03;Труба проф;12;
1.12;559.500;50634.75;89800;89600;89500;ЧЕЛЯБИНСК;Труба проф;250 *150*8,0;(12 м);ГОСТ 30245-03Северсталь;Труба проф;12;
13.99;559.500;49795.50;88300;88100;88000;ЕКАТЕРИНБУРГ;Труба проф;250 *150*8,0;(12 м);ГОСТ 30245-03Северсталь;Труба проф;12;
7.75;430.920;39127.54;89800;89600;89500;ЧЕЛЯБИНСК;Труба проф;250 *150*6,0;(12 м);ГОСТ 30245-03Северсталь;Труба проф;12;
11.38;710.998;67758.12;94800;94600;94500;ЧЕЛЯБИНСК;Труба проф ст09Г2С;250*250*8,0;(12м);ГОСТ 30245-03;Труба проф;12.04;
20.61;710.664;66660.28;93300;93100;93000;ЕКАТЕРИНБУРГ;Труба проф ст09Г2С;250*250*8,0;(12м);ГОСТ 30245-03;Труба проф;12;
13.27;323.664;28903.20;88300;88100;88000;ЕКАТЕРИНБУРГ;Труба проф;240 *120*5,0;(12 м);ГОСТ 30245-03;Труба проф;12;
8.38;261.996;23867.84;89800;89600;89500;ЧЕЛЯБИНСК;Труба проф;240 *120*4,0;(12 м);ГОСТ 30245-03 СеверСталь;Труба проф;12;
3.76;6.480;484.70;69800;69600;69500;ЧЕЛЯБИНСК;Труба проф;20 *20*2,0;(6м);ГОСТ8639-82;Труба проф;6;
17.92;497.748;47435.38;94300;94100;94000;ЕКАТЕРИНБУРГ;Труба проф ст09Г2С;240 *120*8;(12 м);ГОСТ 30245-03;Труба проф;12;
14.43;497.748;44448.90;88300;88100;88000;ЕКАТЕРИНБУРГ;Труба проф;240 *120*8,0;(12 м);ГОСТ 30245-94;Труба проф;12;
21.41;324.504;29464.96;89800;89600;89500;ЧЕЛЯБИНСК;Труба проф;240 *120*5,0;(12 м);ГОСТ 30245-03 СеверСталь;Труба проф;12;
14.56;323.664;30845.18;94300;94100;94000;ЕКАТЕРИНБУРГ;Труба проф ст09Г2С;240 *120*5;(12 м);ГОСТ 30245-03;Труба проф;12;
3.14;6.452;534.23;80300;80100;80000;ОРЕНБУРГ;Труба проф;25 *25*1,5;(6м);ГОСТ8639-82;Труба проф;6.03;
0.40;8.340;632.17;73300;73100;73000;ОРЕНБУРГ;Труба проф;25 *25*2,0;(6м);ГОСТ 8639-82;Труба проф;6;
7.06;8.382;622.76;69300;69100;69000;ЕКАТЕРИНБУРГ;Труба проф;25 *25*2,0;(6м);ГОСТ 8639-82;Труба проф;6.03;
14.11;542.833;47226.49;86300;86100;86000;ЕКАТЕРИНБУРГ;Труба проф;250 *250*6,0;(12 м);ГОСТ 30245-03;Труба проф;12;
4.09;1021.440;93768.19;91800;91600;91500;ЧЕЛЯБИНСК;Труба проф;250 *250*12,0;(12 м);ГОСТ 30245-03;Труба проф;12;
1.75;874.164;80685.34;91800;91600;91500;ЧЕЛЯБИНСК;Труба проф;250 *250*10,0;(12 м);ГОСТ 30245-03 Северсталь;Труба проф;12;
3.50;874.995;88636.99;100800;100600;100500;ЧЕЛЯБИНСК;Труба проф ст09Г2С;250 *250*10,0;(12 м);ГОСТ 30245-03;Труба проф;12.04;
19.90;710.664;61685.64;86300;86100;86000;ЕКАТЕРИНБУРГ;Труба проф;250 *250*8,0;(12 м);ГОСТ 30245-03Северсталь;Труба проф;12;
1.42;708.828;62589.51;87800;87600;87500;ЧЕЛЯБИНСК;Труба проф;250 *250*8,0;(12 м);ГОСТ 30245-03;Труба проф;12;
1.98;11.160;823.61;71300;71100;71000;ОРЕНБУРГ;Труба проф;40 *25*2;(6м);ГОСТ 8645-68;Труба проф;6;
3.60;11.216;833.33;69300;69100;69000;ЕКАТЕРИНБУРГ;Труба проф;40 *25*2;(6м);ГОСТ 8645-68;Труба проф;6.03;
12.20;11.226;839.70;69800;69600;69500;ЧЕЛЯБИНСК;Труба проф;40 *25*2;(6м);ГОСТ 8645-68;Труба проф;6;
17.64;8.646;681.30;73800;73600;73500;ЧЕЛЯБИНСК;Труба проф;40 *25*1,5;(6м);ГОСТ 8645-68;Труба проф;6;
3.92;8.580;701.84;79300;79100;79000;ОРЕНБУРГ;Труба проф;40 *25*1,5;(6м);ГОСТ 8645-68;Труба проф;6;
7.93;13.980;1031.72;71300;71100;71000;ОРЕНБУРГ;Труба проф;40 *40*2,0;(6м);ГОСТ 8639-82;Труба проф;6;
10.62;16.040;1159.68;68300;68100;68000;ЕКАТЕРИНБУРГ;Труба проф;40 *25*3;(6м);ГОСТ 8645-68;Труба проф;6.03;
2.43;10.680;873.62;79300;79100;79000;ОРЕНБУРГ;Труба проф;40 *40*1,5;(6м);ГОСТ8639-82;Труба проф;6;
3.77;10.751;863.32;75300;75100;75000;ЕКАТЕРИНБУРГ;Труба проф;40 *40*1,5;(6м);ГОСТ8639-82;Труба проф;6.04;
0.62;16.038;1167.57;68800;68600;68500;ЧЕЛЯБИНСК;Труба проф;40 *25*3;(6м);ГОСТ 8645-68;Труба проф;6;
8.49;7.899;634.31;75300;75100;75000;ЕКАТЕРИНБУРГ;Труба проф;40 *20*1,5;(6м);ГОСТ8645-68;Труба проф;6.03;
0.41;17.184;1251.00;68800;68600;68500;ЧЕЛЯБИНСК;Труба проф;40 *40*2,5;(6м);ГОСТ 8639-82;Труба проф;6;
14.78;7.860;635.09;75800;75600;75500;ЧЕЛЯБИНСК;Труба проф;40 *20*1,5;(6м);ГОСТ8645-68;Труба проф;6;
11.73;7.860;650.81;80300;80100;80000;ОРЕНБУРГ;Труба проф;40 *20*1,5;(6м);ГОСТ8645-68;Труба проф;6;
0.02;17.157;1240.45;68300;68100;68000;ЕКАТЕРИНБУРГ;Труба проф;40 *40*2,5;(6м);ГОСТ 8639-82;Труба проф;6.02;
13.79;861.750;78246.90;90300;90100;90000;ЕКАТЕРИНБУРГ;Труба проф;350 *250*8,0;(12 м);ГОСТ 30245-03 Северсталь;Труба проф;12;
12.76;1063.000;99177.86;93300;93100;93000;ЕКАТЕРИНБУРГ;Труба проф;350 *250*10,0;(12 м);ГОСТ 30245-03 Северсталь;Труба проф;12;
14.63;10.217;759.12;69300;69100;69000;ЕКАТЕРИНБУРГ;Труба проф;40 *20*2,0;(6м);ГОСТ 8645-68;Труба проф;6.01;
11.92;10.200;752.76;71300;71100;71000;ОРЕНБУРГ;Труба проф;40 *20*2,0;(6м);ГОСТ 8645-68;Труба проф;6;
9.85;339.504;26752.92;77800;77600;77500;ЧЕЛЯБИНСК;Труба проф;180 *140*6,0;(12 м);ГОСТ 30245-03;Труба проф;12;
9.84;339.504;26243.66;76300;76100;76000;ЕКАТЕРИНБУРГ;Труба проф;180 *140*6,0;(12 м);ГОСТ 30245-03;Труба проф;12;
6.58;285.996;22193.29;76300;76100;76000;ЕКАТЕРИНБУРГ;Труба проф;180 *140*5,0;(12 м);ГОСТ 30245-03;Труба проф;12;
7.94;294.252;26806.36;89800;89600;89500;ЧЕЛЯБИНСК;Труба проф ст09Г2С;180 *100*6,0;(12 м);ГОСТ 30245-03;Труба проф;12;
10.00;294.250;26364.76;88300;88100;88000;ЕКАТЕРИНБУРГ;Труба проф ст09Г2С;180 *100*6,0;(12 м);ГОСТ 30245-03;Труба проф;12;
10.00;294.252;24893.72;83300;83100;83000;ЧЕЛЯБИНСК;Труба проф;180 *100*6,0;(12 м);ГОСТ 30245-03;Труба проф;12;
10.00;294.252;24452.34;81800;81600;81500;ЕКАТЕРИНБУРГ;Труба проф;180 *100*6,0;(12 м);ГОСТ 30245-03;Труба проф;12;
15.95;231.252;18292.03;77800;77600;77500;ЧЕЛЯБИНСК;Труба проф;180 *140*4,0;(12 м);ГОСТ 30245-03;Труба проф;12;
8.67;377.172;34624.39;90800;90600;90500;ЧЕЛЯБИНСК;Труба проф ст09Г2С;180 *100*8,0;(12 м);ГОСТ 30245-03;Труба проф;12;
10.18;377.172;32549.94;85300;85100;85000;ЧЕЛЯБИНСК;Труба проф;180 *100*8,0;(12 м);ГОСТ 30245-03;Труба проф;12;
11.15;384.588;30305.53;77800;77600;77500;ЧЕЛЯБИНСК;Труба проф;180 *180*6,0;(12 м);ГОСТ 30245-03;Труба проф;12;
10.00;384.588;29728.65;76300;76100;76000;ЕКАТЕРИНБУРГ;Труба проф;180 *180*6,0;(12 м);ГОСТ 30245-03;Труба проф;12;
8.42;323.664;25504.72;77800;77600;77500;ЧЕЛЯБИНСК;Труба проф;180 *180*5,0;(12 м);ГОСТ 30245-03;Труба проф;12;
6.17;440.444;34927.24;78300;78100;78000;ЧЕЛЯБИНСК;Труба проф;180 *180*7,0;(12 м);ГОСТ 30245-03;Труба проф;12;
7.15;285.936;24619.09;84800;84600;84500;ЧЕЛЯБИНСК;Труба проф ст09Г2С;180 *140*5,0;(12 м);ГОСТ 30245-03;Труба проф;12;
10.68;323.664;25019.23;76300;76100;76000;ЕКАТЕРИНБУРГ;Труба проф;180 *180*5,0;(12 м);ГОСТ 30245-03;Труба проф;12;
7.46;438.588;38288.73;86300;86100;86000;ЕКАТЕРИНБУРГ;Труба проф ст09Г2С;180 *140*8,0;(12 м);ГОСТ 30245-03 Северсталь;Труба проф;12;
10.06;437.666;33831.61;76300;76100;76000;ЕКАТЕРИНБУРГ;Труба проф;160 *160*8,0;(12 м);ГОСТ 30245-94;Труба проф;12;
1.55;387.750;30554.70;77800;77600;77500;ЧЕЛЯБИНСК;Труба проф;160 *160*7,0;(12 м);ГОСТ 30245-94;Труба проф;12;
10.08;387.756;29973.54;76300;76100;76000;ЕКАТЕРИНБУРГ;Труба проф;160 *160*7,0;(12 м);ГОСТ 30245-94;Труба проф;12;
12.22;339.420;26067.46;75800;75600;75500;ЧЕЛЯБИНСК;Труба проф;160 *160*6,0;(12 м);ГОСТ 30245-03;Труба проф;12;
4.62;171.000;15236.10;87800;87600;87500;ЧЕЛЯБИНСК;Труба проф ст09Г2С;160 *80*4,0;(12 м);ГОСТ 30245-03;Труба проф;12;
10.26;171.000;13611.60;78300;78100;78000;ЕКАТЕРИНБУРГ;Труба проф;160*80*4,0;(12м);ГОСТ 30245-03;Труба проф;12;
10.64;231.228;17596.45;74800;74600;74500;ЧЕЛЯБИНСК;Труба проф;160 *160*4,0;(12 м);ГОСТ 30245-94;Труба проф;12;
9.16;339.504;25564.65;74300;74100;74000;ЕКАТЕРИНБУРГ;Труба проф;160 *160*6,0;(12 м);ГОСТ 30245-03;Труба проф;12;
16.02;285.996;21764.30;74800;74600;74500;ЧЕЛЯБИНСК;Труба проф;160 *160*5,0;(12 м);ГОСТ 30245-03;Труба проф;12;
6.64;201.096;16711.08;81800;81600;81500;ЕКАТЕРИНБУРГ;Труба проф;180 *100*4,0;(12 м);ГОСТ 30245-03;Труба проф;12;
7.69;384.600;32614.08;83800;83600;83500;ЧЕЛЯБИНСК;Труба проф ст09Г2С;180 *180*6,0;(12 м);ГОСТ 30245-03;Труба проф;12;
8.74;323.664;26961.21;82300;82100;82000;ЕКАТЕРИНБУРГ;Труба проф ст09Г2С;180 *180*5,0;(12 м);ГОСТ 30245-03;Труба проф;12;
20.86;248.304;22620.49;89800;89600;89500;ЧЕЛЯБИНСК;Труба проф ст09Г2С;180 *100*5,0;(12 м);ГОСТ 30245-03;Труба проф;12;
6.70;248.304;22248.04;88300;88100;88000;ЕКАТЕРИНБУРГ;Труба проф ст09Г2С;180 *100*5,0;(12 м);ГОСТ 30245-03;Труба проф;12;
10.43;248.304;21006.52;83300;83100;83000;ЧЕЛЯБИНСК;Труба проф;180 *100*5,0;(12 м);ГОСТ 30245-03;Труба проф;12;
9.93;248.304;20634.06;81800;81600;81500;ЕКАТЕРИНБУРГ;Труба проф;180 *100*5,0;(12 м);ГОСТ 30245-03;Труба проф;12;
10.46;201.096;17012.72;83300;83100;83000;ЧЕЛЯБИНСК;Труба проф;180 *100*4,0;(12 м);ГОСТ 30245-03;Труба проф;12;
14.94;249.000;19820.40;78300;78100;78000;ЕКАТЕРИНБУРГ;Труба проф;160*80*6,0;(12м);ГОСТ 30245-03;Труба проф;12;
8.02;211.140;17123.45;79800;79600;79500;ЧЕЛЯБИНСК;Труба проф;160*80*5,0;12;ГОСТ 30245;Труба проф;12;
9.48;210.600;16763.76;78300;78100;78000;ЕКАТЕРИНБУРГ;Труба проф;160*80*5,0;12;ГОСТ 30245;Труба проф;12;
10.53;211.142;18496.07;86300;86100;86000;ЕКАТЕРИНБУРГ;Труба проф ст09Г2С;160 *80*5,0;(12 м);ГОСТ 30245-03;Труба проф;12;
11.14;171.444;13904.11;79800;79600;79500;ЧЕЛЯБИНСК;Труба проф;160*80*4,0;(12м);ГОСТ 30245-03 Северсталь;Труба проф;12;
22.46;249.611;21865.91;86300;86100;86000;ЕКАТЕРИНБУРГ;Труба проф ст09Г2С;160 *80*6,0;(12 м);ГОСТ 30245-03;Труба проф;12;
21.97;249.612;20243.53;79800;79600;79500;ЧЕЛЯБИНСК;Труба проф;160*80*6,0;(12м);ГОСТ 30245-03;Труба проф;12;
13.37;361.332;27750.30;75800;75600;75500;ЧЕЛЯБИНСК;Труба проф;200 *200*5,0;(12 м);ГОСТ 30245-03;Труба проф;12;
9.76;361.332;27208.30;74300;74100;74000;ЕКАТЕРИНБУРГ;Труба проф;200 *200*5,0;(12 м);ГОСТ 30245-03;Труба проф;12;
17.24;430.889;32445.93;74300;74100;74000;ЕКАТЕРИНБУРГ;Труба проф;200 *200*6,0;(12 м);ГОСТ 30245-03Северсталь;Труба проф;12;
11.89;440.448;38010.66;85300;85100;85000;ЕКАТЕРИНБУРГ;Труба проф ст09Г2С;200 *160*7,0;(12 м);ГОСТ 30245-03;Труба проф;12;
0.77;384.624;33000.74;84800;84600;84500;ЧЕЛЯБИНСК;Труба проф ст09Г2С;200 *160*6,0;(12 м);ГОСТ 30245-03;Труба проф;12;
10.77;384.672;32427.85;83300;83100;83000;ЕКАТЕРИНБУРГ;Труба проф ст09Г2С;200 *160*6,0;(12 м);ГОСТ 30245-03;Труба проф;12;
5.50;323.628;27767.28;84800;84600;84500;ЧЕЛЯБИНСК;Труба проф ст09Г2С;200 *160*5,0;(12 м);ГОСТ 30245-03;Труба проф;12;
11.65;323.666;27285.08;83300;83100;83000;ЕКАТЕРИНБУРГ;Труба проф ст09Г2С;200 *160*5,0;(12 м);ГОСТ 30245-03;Труба проф;12;
16.40;683.500;54679.97;79300;79100;79000;ЕКАТЕРИНБУРГ;Труба проф;200 *200*10,0;(12 м);ГОСТ 30245-03;Труба проф;12;
13.44;497.784;42958.76;85300;85100;85000;ЕКАТЕРИНБУРГ;Труба проф ст09Г2С;200 *160*8,0;(12 м);ГОСТ 30245-03;Труба проф;12;
6.27;5.082;410.63;75800;75600;75500;ЧЕЛЯБИНСК;Труба проф;20 *20*1,5;(6м);ГОСТ8639-82;Труба проф;6;
9.84;6.450;488.91;73300;73100;73000;ОРЕНБУРГ;Труба проф;20 *20*2,0;(6м);ГОСТ8639-82;Труба проф;6;
12.89;6.461;480.03;69300;69100;69000;ЕКАТЕРИНБУРГ;Труба проф;20 *20*2,0;(6м);ГОСТ8639-82;Труба проф;6.01;
7.26;558.168;42699.85;75800;75600;75500;ЧЕЛЯБИНСК;Труба проф;200 *200*8,0;(12 м);ГОСТ 30245-03;Труба проф;12;
13.95;558.168;41862.60;74300;74100;74000;ЕКАТЕРИНБУРГ;Труба проф;200 *200*8,0;(12 м);ГОСТ 30245-03;Труба проф;12;
10.62;5.046;417.81;80300;80100;80000;ОРЕНБУРГ;Труба проф;20 *20*1,5;(6м);ГОСТ8639-82;Труба проф;6;
4.58;5.080;407.89;75300;75100;75000;ЕКАТЕРИНБУРГ;Труба проф;20 *20*1,5;(6м);ГОСТ8639-82;Труба проф;6.04;
0.01;5.088;411.11;75800;75600;75500;ЧЕЛЯБИНСК;Труба проф;20 *20*1,5;(6м);Северсталь;Труба проф;6;
14.29;317.580;25660.46;79800;79600;79500;ЧЕЛЯБИНСК;Труба проф;200 *100*6,0;(12 м);ГОСТ 30245-03 Северсталь;Труба проф;12;
0.53;267.132;21664.41;79800;79600;79500;ЧЕЛЯБИНСК;Труба проф;200 *100*5,0;12м;ГОСТ 30245-03;Труба проф;12;
7.48;267.133;21263.80;78300;78100;78000;ЕКАТЕРИНБУРГ;Труба проф;200 *100*5,0;12м;ГОСТ 30245-03;Труба проф;12;
22.23;267.792;21717.93;79800;79600;79500;ЧЕЛЯБИНСК;Труба проф;200 *100*5,0;(12 м);ГОСТ 30245-03 Северсталь;Труба проф;12;
0.22;216.648;17570.15;79800;79600;79500;ЧЕЛЯБИНСК;Труба проф;200 *100*4,0;(12 м);ГОСТ 30245-03 Северсталь;Труба проф;12;
8.43;216.132;17528.31;79800;79600;79500;ЧЕЛЯБИНСК;Труба проф;200 *100*4,0;(12 м);ГОСТ 30245-03;Труба проф;12;
8.56;407.412;35974.48;87300;87100;87000;ЕКАТЕРИНБУРГ;Труба проф ст09Г2С;200 *100*8,0;(12 м);ГОСТ 30245-94;Труба проф;12;
2.04;407.448;32921.80;79800;79600;79500;ЧЕЛЯБИНСК;Труба проф;200 *100*8,0;(12 м);ГОСТ 30245-03;Труба проф;12;
5.56;793.836;72477.23;90800;90600;90500;ЧЕЛЯБИНСК;Труба проф ст09Г2С;200 *200*12,0;(12 м);ГОСТ 30245-03 Северсталь;Труба проф;12;
14.29;793.834;71286.26;89300;89100;89000;ЕКАТЕРИНБУРГ;Труба проф ст09Г2С;200 *200*12,0;(12 м);ГОСТ 30245-03 Северсталь;Труба проф;12;
23.30;685.250;61672.54;89300;89100;89000;ЕКАТЕРИНБУРГ;Труба проф ст09Г2С;200 *200*10,0;(12 м);ГОСТ 30245-03 Северсталь;Труба проф;12;
10.95;497.772;39473.32;78300;78100;78000;ЧЕЛЯБИНСК;Труба проф;180 *180*8,0;(12 м);ГОСТ 30245-03;Труба проф;12;
8.21;216.132;17204.11;78300;78100;78000;ЕКАТЕРИНБУРГ;Труба проф;200 *100*4,0;(12 м);ГОСТ 30245-03;Труба проф;12;
21.26;559.555;48121.75;85300;85100;85000;ЕКАТЕРИНБУРГ;Труба проф ст09Г2С;200*200*8,0;(12 м);ГОСТ 30245-03 Северсталь;Труба проф;12;
8.38;493.223;42565.13;85300;85100;85000;ЕКАТЕРИНБУРГ;Труба проф  ст09Г2С;200 *200*7,0;(12м);ГОСТ 30245-03;Труба проф;12;
11.61;429.889;37099.44;85300;85100;85000;ЕКАТЕРИНБУРГ;Труба проф  ст09Г2С;200 *200*6,0;(12м);ГОСТ 30245-03;Труба проф;12;
0.97;323.664;25342.89;77800;77600;77500;ОРЕНБУРГ;Труба проф;200 *160*5,0;(12 м);ГОСТ 30245-03;Труба проф;12;
5.50;323.664;25019.23;76300;76100;76000;ЕКАТЕРИНБУРГ;Труба проф;200 *160*5,0;(12 м);ГОСТ 30245-03;Труба проф;12;
9.12;608.172;50478.28;82300;82100;82000;ЕКАТЕРИНБУРГ;Труба проф;200 *160*10,0;(12 м);ГОСТ 30245-03;Труба проф;12;
8.96;497.778;39473.80;78300;78100;78000;ЕКАТЕРИНБУРГ;Труба проф;200 *160*8,0;(12 м);ГОСТ 30245-03;Труба проф;12;
10.13;440.444;34046.35;76300;76100;76000;ЕКАТЕРИНБУРГ;Труба проф;200 *160*7,0;(12 м);ГОСТ 30245-03;Труба проф;12;
5.77;384.588;30305.53;77800;77600;77500;ЧЕЛЯБИНСК;Труба проф;200 *160*6,0;(12 м);ГОСТ 30245-03;Труба проф;12;
10.38;384.552;29725.87;76300;76100;76000;ЕКАТЕРИНБУРГ;Труба проф;200 *160*6,0;(12 м);ГОСТ 30245-03;Труба проф;12;
21.79;286.668;23248.77;79800;79600;79500;ЧЕЛЯБИНСК;Труба проф;200 *120*5,0;(12 м);ГОСТ 30245-94 Северсталь;Труба проф;12;
3.43;285.936;23189.41;79800;79600;79500;ЧЕЛЯБИНСК;Труба проф;200 *120*5,0;(12 м);ГОСТ 30245-03;Труба проф;12;
9.31;387.756;34238.85;87300;87100;87000;ЕКАТЕРИНБУРГ;Труба проф ст09Г2С;200 *120*7,0;(12 м);ГОСТ 30245-03;Труба проф;12;
10.52;339.500;29977.89;87300;87100;87000;ЕКАТЕРИНБУРГ;Труба проф ст09Г2С;200 *120*6,0;(12 м);ГОСТ 30245-03;Труба проф;12;
10.58;285.937;25334.04;87300;87100;87000;ЕКАТЕРИНБУРГ;Труба проф ст09Г2С;200 *120*5,0;(12 м);ГОСТ 30245-03;Труба проф;12;
15.65;340.332;27498.83;79800;79600;79500;ЧЕЛЯБИНСК;Труба проф;200 *120*6,0;(12 м);ГОСТ 30245-03Северсталь;Труба проф;12;
10.08;387.756;30749.05;78300;78100;78000;ЕКАТЕРИНБУРГ;Труба проф;200 *120*7,0;(12 м);ГОСТ 30245-03;Труба проф;12;
1.31;437.555;35354.43;79800;79600;79500;ЧЕЛЯБИНСК;Труба проф;200 *120*8,0;(12 м);ГОСТ 30245-03;Труба проф;12;
